,KH2PO4,NH4Cl,KCl,MgSO4*7H2O,ZnSO4·7H2O,H3BO3,MnCl2·4H2O,FeSO4·7H2O,CoCl2·6H2O,CuSO4·5H20,Na2MoO4·2H2O,Na4EDTA,biotin,pyridoxine,thiamine,riboflavin,para-aminobenzoic acid,nicotinic acid,Malate Titer (g/L),DCW (g/L),NormalizedTiter (%)
0a,3.980769808,2.726696193,3.101909292,3.564819528,0.342064911,0.266441968,0.266024627,0.148381321,0.168818995,0.217547171,0.049862861,2.022301725,1.36E-05,0.00296187,0.003922676,0.029025726,0.004537781,0.002338191,2.38,2.02,0.22250
0a,3.980769808,2.726696193,3.101909292,3.564819528,0.342064911,0.266441968,0.266024627,0.148381321,0.168818995,0.217547171,0.049862861,2.022301725,1.36E-05,0.00296187,0.003922676,0.029025726,0.004537781,0.002338191,2.43,1.52,0.22717
0a,3.980769808,2.726696193,3.101909292,3.564819528,0.342064911,0.266441968,0.266024627,0.148381321,0.168818995,0.217547171,0.049862861,2.022301725,1.36E-05,0.00296187,0.003922676,0.029025726,0.004537781,0.002338191,2.49,2.8,0.23278
1a,0.463416098,1.202824404,3.487949046,2.090830242,0.002132968,0.641487279,0.364211992,0.470553044,0.419028417,0.00125987,0.063477923,1.973034061,0.000502892,0.000811841,0.003437535,2.61E-05,0.007166934,0.00717501,0.07,0,0.00654
1a,0.463416098,1.202824404,3.487949046,2.090830242,0.002132968,0.641487279,0.364211992,0.470553044,0.419028417,0.00125987,0.063477923,1.973034061,0.000502892,0.000811841,0.003437535,2.61E-05,0.007166934,0.00717501,0.07,0.82,0.00654
1a,0.463416098,1.202824404,3.487949046,2.090830242,0.002132968,0.641487279,0.364211992,0.470553044,0.419028417,0.00125987,0.063477923,1.973034061,0.000502892,0.000811841,0.003437535,2.61E-05,0.007166934,0.00717501,0.05,0.7,0.00467
2a,3.037440239,1.831617082,2.666755472,4.031676018,0.07520835,1.050843092,0.109357373,0.031849295,0.487002963,0.073458061,0.005607491,5.56E-05,0.005642388,0.007673425,0.003548655,0.01028756,0.002307814,0.006369783,0,0.54,0.00000
2a,3.037440239,1.831617082,2.666755472,4.031676018,0.07520835,1.050843092,0.109357373,0.031849295,0.487002963,0.073458061,0.005607491,5.56E-05,0.005642388,0.007673425,0.003548655,0.01028756,0.002307814,0.006369783,0,0.54,0.00000
2a,3.037440239,1.831617082,2.666755472,4.031676018,0.07520835,1.050843092,0.109357373,0.031849295,0.487002963,0.073458061,0.005607491,5.56E-05,0.005642388,0.007673425,0.003548655,0.01028756,0.002307814,0.006369783,0,0.8,0.00000
3a,0.328778076,2.887089098,4.093005438,0.452409288,0.318256337,0.006774342,0.345718801,0.42328744,0.35981905,0.026141511,0.011016346,0.539793834,0.004528611,0.007755465,0.00051942,0.003431337,0.007448333,5.62E-05,0,0.88,0.00000
3a,0.328778076,2.887089098,4.093005438,0.452409288,0.318256337,0.006774342,0.345718801,0.42328744,0.35981905,0.026141511,0.011016346,0.539793834,0.004528611,0.007755465,0.00051942,0.003431337,0.007448333,5.62E-05,0,0.9,0.00000
3a,0.328778076,2.887089098,4.093005438,0.452409288,0.318256337,0.006774342,0.345718801,0.42328744,0.35981905,0.026141511,0.011016346,0.539793834,0.004528611,0.007755465,0.00051942,0.003431337,0.007448333,5.62E-05,0,1.28,0.00000
4a,2.18655302,0.552483613,2.326633851,0.359860192,0.084220173,0.610880341,0.249165935,0.092424463,0.26579373,0.044816621,0.061167824,1.103157449,8.94E-05,4.26E-05,0.004888348,0.060947913,0.0025072,0.008123587,0,0.4,0.00000
4a,2.18655302,0.552483613,2.326633851,0.359860192,0.084220173,0.610880341,0.249165935,0.092424463,0.26579373,0.044816621,0.061167824,1.103157449,8.94E-05,4.26E-05,0.004888348,0.060947913,0.0025072,0.008123587,0,0.68,0.00000
4a,2.18655302,0.552483613,2.326633851,0.359860192,0.084220173,0.610880341,0.249165935,0.092424463,0.26579373,0.044816621,0.061167824,1.103157449,8.94E-05,4.26E-05,0.004888348,0.060947913,0.0025072,0.008123587,0,0.66,0.00000
5a,3.07921698,0.632410116,1.848732389,0.454423894,0.289011852,0.138404485,0.076870586,0.091738194,0.133446705,0.070087061,6.00E-05,1.72076832,2.94E-05,0.000617353,0.006846796,0.026239094,0.00054128,0.002549601,0,0.78,0.00000
5a,3.07921698,0.632410116,1.848732389,0.454423894,0.289011852,0.138404485,0.076870586,0.091738194,0.133446705,0.070087061,6.00E-05,1.72076832,2.94E-05,0.000617353,0.006846796,0.026239094,0.00054128,0.002549601,0,0.68,0.00000
5a,3.07921698,0.632410116,1.848732389,0.454423894,0.289011852,0.138404485,0.076870586,0.091738194,0.133446705,0.070087061,6.00E-05,1.72076832,2.94E-05,0.000617353,0.006846796,0.026239094,0.00054128,0.002549601,0,0.8,0.00000
6a,3.642639481,1.445945622,2.958515706,0.289306699,0.490811542,0.388578121,0.003084636,0.443965282,0.30093038,0.098254421,5.87E-05,0.648419782,0.000596115,0.009410744,0.002352745,0.01080672,0.000438911,0.006652118,1.77,2.96,0.16547
6a,3.642639481,1.445945622,2.958515706,0.289306699,0.490811542,0.388578121,0.003084636,0.443965282,0.30093038,0.098254421,5.87E-05,0.648419782,0.000596115,0.009410744,0.002352745,0.01080672,0.000438911,0.006652118,1.9,3.32,0.17763
6a,3.642639481,1.445945622,2.958515706,0.289306699,0.490811542,0.388578121,0.003084636,0.443965282,0.30093038,0.098254421,5.87E-05,0.648419782,0.000596115,0.009410744,0.002352745,0.01080672,0.000438911,0.006652118,2.04,3.52,0.19071
7a,1.002513976,0.966586092,3.355879993,1.272428648,0.001612425,0.002124458,0.000939048,0.057200287,0.278192115,0.27485306,0.055572943,0.037693639,0.004286044,0.005119826,0.00338259,0.024757942,0.001672198,0.001275338,0,0.82,0.00000
7a,1.002513976,0.966586092,3.355879993,1.272428648,0.001612425,0.002124458,0.000939048,0.057200287,0.278192115,0.27485306,0.055572943,0.037693639,0.004286044,0.005119826,0.00338259,0.024757942,0.001672198,0.001275338,0,0.64,0.00000
7a,1.002513976,0.966586092,3.355879993,1.272428648,0.001612425,0.002124458,0.000939048,0.057200287,0.278192115,0.27485306,0.055572943,0.037693639,0.004286044,0.005119826,0.00338259,0.024757942,0.001672198,0.001275338,0,0.84,0.00000
8a,0.533768375,3.572263922,0.082742057,1.083212234,0.071259486,0.40419963,0.105586655,0.004907968,0.199014218,0.100071472,0.028084146,1.537073033,0.002481696,3.12E-05,0.005917323,0.032521526,2.44E-05,3.59E-05,0,0.66,0.00000
8a,0.533768375,3.572263922,0.082742057,1.083212234,0.071259486,0.40419963,0.105586655,0.004907968,0.199014218,0.100071472,0.028084146,1.537073033,0.002481696,3.12E-05,0.005917323,0.032521526,2.44E-05,3.59E-05,0,0.56,0.00000
8a,0.533768375,3.572263922,0.082742057,1.083212234,0.071259486,0.40419963,0.105586655,0.004907968,0.199014218,0.100071472,0.028084146,1.537073033,0.002481696,3.12E-05,0.005917323,0.032521526,2.44E-05,3.59E-05,0,0.4,0.00000
9a,1.101700002,0.886471403,2.154484529,2.50747735,0.396571431,0.003949755,0.143459066,0.25531122,0.334578158,0.302425384,0.067795762,0.000980879,0.007403306,0.003257218,6.96E-05,0.048661704,0.003013283,0.002683733,0,1.58,0.00000
9a,1.101700002,0.886471403,2.154484529,2.50747735,0.396571431,0.003949755,0.143459066,0.25531122,0.334578158,0.302425384,0.067795762,0.000980879,0.007403306,0.003257218,6.96E-05,0.048661704,0.003013283,0.002683733,0,2.22,0.00000
9a,1.101700002,0.886471403,2.154484529,2.50747735,0.396571431,0.003949755,0.143459066,0.25531122,0.334578158,0.302425384,0.067795762,0.000980879,0.007403306,0.003257218,6.96E-05,0.048661704,0.003013283,0.002683733,0,2.14,0.00000
10a,4.195183741,0.601431632,0.316556012,3.220089365,0.40726256,0.855997624,0.121266629,0.269250723,0.000785414,0.000417378,0.037564887,1.760442857,0.003500293,8.26E-05,0.008178772,0.042028519,0.007969347,0.005177178,0,0.5,0.00000
10a,4.195183741,0.601431632,0.316556012,3.220089365,0.40726256,0.855997624,0.121266629,0.269250723,0.000785414,0.000417378,0.037564887,1.760442857,0.003500293,8.26E-05,0.008178772,0.042028519,0.007969347,0.005177178,0,0.42,0.00000
10a,4.195183741,0.601431632,0.316556012,3.220089365,0.40726256,0.855997624,0.121266629,0.269250723,0.000785414,0.000417378,0.037564887,1.760442857,0.003500293,8.26E-05,0.008178772,0.042028519,0.007969347,0.005177178,0,0.66,0.00000
11a,1.69070236,4.033517849,3.141885277,3.871040071,0.243031819,0.007219498,0.195302882,0.3155987,0.399203368,0.092889656,7.61E-06,1.626207856,0.001835642,0.002247283,0.006439343,0.034161532,0.007867836,0.000584579,0.21,1.32,0.01963
11a,1.69070236,4.033517849,3.141885277,3.871040071,0.243031819,0.007219498,0.195302882,0.3155987,0.399203368,0.092889656,7.61E-06,1.626207856,0.001835642,0.002247283,0.006439343,0.034161532,0.007867836,0.000584579,0.29,1.38,0.02711
11a,1.69070236,4.033517849,3.141885277,3.871040071,0.243031819,0.007219498,0.195302882,0.3155987,0.399203368,0.092889656,7.61E-06,1.626207856,0.001835642,0.002247283,0.006439343,0.034161532,0.007867836,0.000584579,0.22,1.48,0.02057
12a,2.707058346,1.288341601,0.303208412,0.219642232,0.008556321,0.584745275,0.04094902,0.240257706,0.000473413,0.28191257,1.09E-05,0.068424655,0.007684536,0.003459556,0.006345028,0.047555452,0.004958712,0.003330176,0,0.88,0.00000
12a,2.707058346,1.288341601,0.303208412,0.219642232,0.008556321,0.584745275,0.04094902,0.240257706,0.000473413,0.28191257,1.09E-05,0.068424655,0.007684536,0.003459556,0.006345028,0.047555452,0.004958712,0.003330176,0,1.06,0.00000
12a,2.707058346,1.288341601,0.303208412,0.219642232,0.008556321,0.584745275,0.04094902,0.240257706,0.000473413,0.28191257,1.09E-05,0.068424655,0.007684536,0.003459556,0.006345028,0.047555452,0.004958712,0.003330176,0,1.1,0.00000
13a,0.803995285,0.532055152,4.199946697,3.360972722,0.38303685,0.24824867,0.401971936,0.391083235,0.145094121,0.375902065,0.012128059,0.422489646,0.006882871,0.004446538,0.005562338,0.020847135,0.002656449,0.000818344,0,0.82,0.00000
13a,0.803995285,0.532055152,4.199946697,3.360972722,0.38303685,0.24824867,0.401971936,0.391083235,0.145094121,0.375902065,0.012128059,0.422489646,0.006882871,0.004446538,0.005562338,0.020847135,0.002656449,0.000818344,0,1.66,0.00000
13a,0.803995285,0.532055152,4.199946697,3.360972722,0.38303685,0.24824867,0.401971936,0.391083235,0.145094121,0.375902065,0.012128059,0.422489646,0.006882871,0.004446538,0.005562338,0.020847135,0.002656449,0.000818344,0,1.56,0.00000
14a,3.377552428,3.017928776,3.869862546,3.536498321,0.265148243,0.637645349,0.365462282,0.411832679,0.15178192,0.168240211,0.031569513,0.598526975,0.002404358,0.007372448,0.007273044,0.057761964,0.002209008,0.001245165,0,1.36,0.00000
14a,3.377552428,3.017928776,3.869862546,3.536498321,0.265148243,0.637645349,0.365462282,0.411832679,0.15178192,0.168240211,0.031569513,0.598526975,0.002404358,0.007372448,0.007273044,0.057761964,0.002209008,0.001245165,0,1.98,0.00000
14a,3.377552428,3.017928776,3.869862546,3.536498321,0.265148243,0.637645349,0.365462282,0.411832679,0.15178192,0.168240211,0.031569513,0.598526975,0.002404358,0.007372448,0.007273044,0.057761964,0.002209008,0.001245165,0,1.66,0.00000
15a,3.827400007,1.660806259,1.415696958,2.531470457,0.442305385,0.009580728,0.153128116,0.457363022,0.000197011,0.416607041,3.92E-05,1.22523291,0.001857225,1.38E-05,8.52E-05,9.47E-06,0.004006835,0.005564127,0,1.38,0.00000
15a,3.827400007,1.660806259,1.415696958,2.531470457,0.442305385,0.009580728,0.153128116,0.457363022,0.000197011,0.416607041,3.92E-05,1.22523291,0.001857225,1.38E-05,8.52E-05,9.47E-06,0.004006835,0.005564127,0,1.9,0.00000
15a,3.827400007,1.660806259,1.415696958,2.531470457,0.442305385,0.009580728,0.153128116,0.457363022,0.000197011,0.416607041,3.92E-05,1.22523291,0.001857225,1.38E-05,8.52E-05,9.47E-06,0.004006835,0.005564127,0,1.6,0.00000
16a,0.77481715,2.691857922,0.124028677,2.758072986,0.197427738,0.505421103,0.188287943,0.041730002,0.005555885,0.220457877,0.046169251,1.787436054,0.006336033,0.004029109,0.007491587,0.035421865,0.001624896,0.001788573,0,0.56,0.00000
16a,0.77481715,2.691857922,0.124028677,2.758072986,0.197427738,0.505421103,0.188287943,0.041730002,0.005555885,0.220457877,0.046169251,1.787436054,0.006336033,0.004029109,0.007491587,0.035421865,0.001624896,0.001788573,0,0.74,0.00000
16a,0.77481715,2.691857922,0.124028677,2.758072986,0.197427738,0.505421103,0.188287943,0.041730002,0.005555885,0.220457877,0.046169251,1.787436054,0.006336033,0.004029109,0.007491587,0.035421865,0.001624896,0.001788573,0,0.64,0.00000
17a,2.115054251,1.740912548,0.548617598,3.350519638,0.232480363,0.565617284,0.383747484,0.425551952,0.063294155,0.059265576,0.049456385,1.171373309,0.008372987,0.002145386,0.003686042,0.030484458,0.008471461,0.00706687,0,7.18,0.00000
17a,2.115054251,1.740912548,0.548617598,3.350519638,0.232480363,0.565617284,0.383747484,0.425551952,0.063294155,0.059265576,0.049456385,1.171373309,0.008372987,0.002145386,0.003686042,0.030484458,0.008471461,0.00706687,0,1.66,0.00000
17a,2.115054251,1.740912548,0.548617598,3.350519638,0.232480363,0.565617284,0.383747484,0.425551952,0.063294155,0.059265576,0.049456385,1.171373309,0.008372987,0.002145386,0.003686042,0.030484458,0.008471461,0.00706687,0,1.18,0.00000
18a,0.481555708,4.086223523,0.256026346,0.689894655,0.15510186,0.664190548,0.085023091,0.000425939,0.421427573,0.005430874,0.079823742,0.218290844,0.004995229,0.007811105,0.006097981,0.02146646,0.005371387,0.003571774,0,0.52,0.00000
18a,0.481555708,4.086223523,0.256026346,0.689894655,0.15510186,0.664190548,0.085023091,0.000425939,0.421427573,0.005430874,0.079823742,0.218290844,0.004995229,0.007811105,0.006097981,0.02146646,0.005371387,0.003571774,0,0.32,0.00000
18a,0.481555708,4.086223523,0.256026346,0.689894655,0.15510186,0.664190548,0.085023091,0.000425939,0.421427573,0.005430874,0.079823742,0.218290844,0.004995229,0.007811105,0.006097981,0.02146646,0.005371387,0.003571774,0,0.44,0.00000
19a,1.827199629,0.603788741,1.255891288,2.420110875,0.388020786,0.526980517,0.056734715,0.324601343,0.257078432,0.341198641,0.021430792,0.826256402,0.003109476,0.002024025,0.00313033,8.60E-05,6.11E-05,4.08E-06,0.04,1.46,0.00374
19a,1.827199629,0.603788741,1.255891288,2.420110875,0.388020786,0.526980517,0.056734715,0.324601343,0.257078432,0.341198641,0.021430792,0.826256402,0.003109476,0.002024025,0.00313033,8.60E-05,6.11E-05,4.08E-06,0.04,2,0.00374
19a,1.827199629,0.603788741,1.255891288,2.420110875,0.388020786,0.526980517,0.056734715,0.324601343,0.257078432,0.341198641,0.021430792,0.826256402,0.003109476,0.002024025,0.00313033,8.60E-05,6.11E-05,4.08E-06,0.04,2.2,0.00374
20a,0.224278081,2.18775843,4.072516779,1.859506039,0.305770523,0.804357289,0.414533148,0.168336143,0.001262131,0.407813151,0.020341666,0.303579704,0.004096461,0.007678304,0.007959068,0.058180653,0.004754744,0.004337006,0,1.22,0.00000
20a,0.224278081,2.18775843,4.072516779,1.859506039,0.305770523,0.804357289,0.414533148,0.168336143,0.001262131,0.407813151,0.020341666,0.303579704,0.004096461,0.007678304,0.007959068,0.058180653,0.004754744,0.004337006,0,1.42,0.00000
20a,0.224278081,2.18775843,4.072516779,1.859506039,0.305770523,0.804357289,0.414533148,0.168336143,0.001262131,0.407813151,0.020341666,0.303579704,0.004096461,0.007678304,0.007959068,0.058180653,0.004754744,0.004337006,0,1.18,0.00000
21a,2.252115714,2.451113031,3.299582281,4.583264286,0.440933048,0.344292483,0.249393292,0.001439338,0.001344961,0.132019945,0.088370019,1.587639997,0.004377065,0.000430104,0.002973606,0.020971544,0.001033008,0.00490903,0,0.44,0.00000
21a,2.252115714,2.451113031,3.299582281,4.583264286,0.440933048,0.344292483,0.249393292,0.001439338,0.001344961,0.132019945,0.088370019,1.587639997,0.004377065,0.000430104,0.002973606,0.020971544,0.001033008,0.00490903,0,0.76,0.00000
21a,2.252115714,2.451113031,3.299582281,4.583264286,0.440933048,0.344292483,0.249393292,0.001439338,0.001344961,0.132019945,0.088370019,1.587639997,0.004377065,0.000430104,0.002973606,0.020971544,0.001033008,0.00490903,0,0.88,0.00000
22a,4.428172661,4.111102507,0.440953793,3.078971159,0.264035213,0.562318262,0.459752006,0.18542921,0.274971487,0.30175847,0.097336162,1.15081277,4.81E-05,8.25E-05,0.001783492,0.005572401,0.004561092,0.00217502,0,1,0.00000
22a,4.428172661,4.111102507,0.440953793,3.078971159,0.264035213,0.562318262,0.459752006,0.18542921,0.274971487,0.30175847,0.097336162,1.15081277,4.81E-05,8.25E-05,0.001783492,0.005572401,0.004561092,0.00217502,0,1.44,0.00000
22a,4.428172661,4.111102507,0.440953793,3.078971159,0.264035213,0.562318262,0.459752006,0.18542921,0.274971487,0.30175847,0.097336162,1.15081277,4.81E-05,8.25E-05,0.001783492,0.005572401,0.004561092,0.00217502,0,1.52,0.00000
23a,1.667504183,3.951655488,2.03200504,0.173047496,0.000144749,0.738243181,0.422654206,0.227144693,0.01378733,0.345653203,2.36E-05,1.468966747,0.005356111,0.005899887,3.49E-05,0.055245525,0.008178301,0.006175908,0,1.14,0.00000
23a,1.667504183,3.951655488,2.03200504,0.173047496,0.000144749,0.738243181,0.422654206,0.227144693,0.01378733,0.345653203,2.36E-05,1.468966747,0.005356111,0.005899887,3.49E-05,0.055245525,0.008178301,0.006175908,0,0.88,0.00000
23a,1.667504183,3.951655488,2.03200504,0.173047496,0.000144749,0.738243181,0.422654206,0.227144693,0.01378733,0.345653203,2.36E-05,1.468966747,0.005356111,0.005899887,3.49E-05,0.055245525,0.008178301,0.006175908,0,0.92,0.00000
24a,4.72403723,1.249026676,2.252033808,3.586507588,0.332877651,0.030840742,0.156537098,0.339472169,0.112268308,0.269445109,0.031144582,0.186250069,0.009306248,0.008275578,3.50E-06,0.018430361,0.000178043,0.004672653,0,1.18,0.00000
24a,4.72403723,1.249026676,2.252033808,3.586507588,0.332877651,0.030840742,0.156537098,0.339472169,0.112268308,0.269445109,0.031144582,0.186250069,0.009306248,0.008275578,3.50E-06,0.018430361,0.000178043,0.004672653,0.04,1.92,0.00374
24a,4.72403723,1.249026676,2.252033808,3.586507588,0.332877651,0.030840742,0.156537098,0.339472169,0.112268308,0.269445109,0.031144582,0.186250069,0.009306248,0.008275578,3.50E-06,0.018430361,0.000178043,0.004672653,0.14,1.94,0.01309
25a,1.5,1.43,0.5,0.5,0.00225,0.011,0.005,0.005,0.0017,0.0016,8.50E-05,0.005,0.0001,0.0001,0.0001,0.0001,0.0001,0.0001,10.54,13.78,0.98535
25a,1.5,1.43,0.5,0.5,0.00225,0.011,0.005,0.005,0.0017,0.0016,8.50E-05,0.005,0.0001,0.0001,0.0001,0.0001,0.0001,0.0001,10.92,12.94,1.02088
25a,1.5,1.43,0.5,0.5,0.00225,0.011,0.005,0.005,0.0017,0.0016,8.50E-05,0.005,0.0001,0.0001,0.0001,0.0001,0.0001,0.0001,10.63,17.236,0.99377
0b,4.087561812,2.1315185,2.837719599,2.355411948,0.425586097,1.040215475,0.005710531,0.002431909,0.134524409,0.388365606,0.077741431,2.260173263,0.007791344,0.000308245,0.004017413,0.001243891,7.36E-05,8.09E-05,0,0.8,0.00000
0b,4.087561812,2.1315185,2.837719599,2.355411948,0.425586097,1.040215475,0.005710531,0.002431909,0.134524409,0.388365606,0.077741431,2.260173263,0.007791344,0.000308245,0.004017413,0.001243891,7.36E-05,8.09E-05,0,0.7,0.00000
0b,4.087561812,2.1315185,2.837719599,2.355411948,0.425586097,1.040215475,0.005710531,0.002431909,0.134524409,0.388365606,0.077741431,2.260173263,0.007791344,0.000308245,0.004017413,0.001243891,7.36E-05,8.09E-05,0,0.5,0.00000
1b,2.786426464,4.237225353,0.77082334,1.491823324,0.169504443,0.109428456,0.201263147,0.23544025,0.000942893,0.000389611,0.043092112,1.937865143,0.00079179,0.00203517,0.007110168,0.063147816,0.005518514,0.002184682,3,3,0.23243
1b,2.786426464,4.237225353,0.77082334,1.491823324,0.169504443,0.109428456,0.201263147,0.23544025,0.000942893,0.000389611,0.043092112,1.937865143,0.00079179,0.00203517,0.007110168,0.063147816,0.005518514,0.002184682,4,4.5,0.30991
1b,2.786426464,4.237225353,0.77082334,1.491823324,0.169504443,0.109428456,0.201263147,0.23544025,0.000942893,0.000389611,0.043092112,1.937865143,0.00079179,0.00203517,0.007110168,0.063147816,0.005518514,0.002184682,3.9,4.2,0.30216
2b,2.694586198,1.935401548,3.386307086,1.902572206,0.060754608,0.902309174,0.068073341,0.080834578,0.166143683,0.001436442,0.008608374,1.535970262,0.00829231,0.005145715,0.009271068,0.013445026,0.005993584,2.01E-05,0,0.2,0.00000
2b,2.694586198,1.935401548,3.386307086,1.902572206,0.060754608,0.902309174,0.068073341,0.080834578,0.166143683,0.001436442,0.008608374,1.535970262,0.00829231,0.005145715,0.009271068,0.013445026,0.005993584,2.01E-05,0,0,0.00000
2b,2.694586198,1.935401548,3.386307086,1.902572206,0.060754608,0.902309174,0.068073341,0.080834578,0.166143683,0.001436442,0.008608374,1.535970262,0.00829231,0.005145715,0.009271068,0.013445026,0.005993584,2.01E-05,0,0.7,0.00000
3b,2.493256465,3.169519745,1.270231913,0.853978922,0.000756107,0.06832793,0.257755021,0.219209627,0.073848153,0.18560457,0.016113214,0.10656146,0.005429698,0.004649293,0.005113794,0.051399228,0.005672851,0.004498596,0,0.7,0.00000
3b,2.493256465,3.169519745,1.270231913,0.853978922,0.000756107,0.06832793,0.257755021,0.219209627,0.073848153,0.18560457,0.016113214,0.10656146,0.005429698,0.004649293,0.005113794,0.051399228,0.005672851,0.004498596,0,1.1,0.00000
3b,2.493256465,3.169519745,1.270231913,0.853978922,0.000756107,0.06832793,0.257755021,0.219209627,0.073848153,0.18560457,0.016113214,0.10656146,0.005429698,0.004649293,0.005113794,0.051399228,0.005672851,0.004498596,0,1.5,0.00000
4b,1.261193963,1.986857139,1.630510234,4.233476606,0.014086347,0.423404916,0.282928053,0.344481211,0.179411447,0.03134641,0.002042137,0.938592574,0.006811384,0.004930645,0.000678019,0.040954748,0.004342015,0.007918312,5.6,8.1,0.43388
4b,1.261193963,1.986857139,1.630510234,4.233476606,0.014086347,0.423404916,0.282928053,0.344481211,0.179411447,0.03134641,0.002042137,0.938592574,0.006811384,0.004930645,0.000678019,0.040954748,0.004342015,0.007918312,7.1,9.5,0.55009
4b,1.261193963,1.986857139,1.630510234,4.233476606,0.014086347,0.423404916,0.282928053,0.344481211,0.179411447,0.03134641,0.002042137,0.938592574,0.006811384,0.004930645,0.000678019,0.040954748,0.004342015,0.007918312,6.9,10,0.53460
5b,3.390381602,1.329714498,4.80424448,0.622828316,0.151476391,0.048409575,0.321441432,0.144880703,0.000463822,0.450345249,0.038273757,2.409318745,0.008392447,0.007099733,0.006288857,0.023669105,0.007584034,0.008523657,8.3,12,0.64307
5b,3.390381602,1.329714498,4.80424448,0.622828316,0.151476391,0.048409575,0.321441432,0.144880703,0.000463822,0.450345249,0.038273757,2.409318745,0.008392447,0.007099733,0.006288857,0.023669105,0.007584034,0.008523657,9.4,14.5,0.72829
5b,3.390381602,1.329714498,4.80424448,0.622828316,0.151476391,0.048409575,0.321441432,0.144880703,0.000463822,0.450345249,0.038273757,2.409318745,0.008392447,0.007099733,0.006288857,0.023669105,0.007584034,0.008523657,9.6,14.2,0.74379
6b,2.415477257,2.88131322,0.508384293,3.144527712,0.145160091,0.851780048,0.01873366,0.190221723,0.041165686,0.201087779,6.34E-05,1.436079627,0.001144451,0.004589622,0.001815795,0.053692683,0.000766341,0.003636811,0,0.8,0.00000
6b,2.415477257,2.88131322,0.508384293,3.144527712,0.145160091,0.851780048,0.01873366,0.190221723,0.041165686,0.201087779,6.34E-05,1.436079627,0.001144451,0.004589622,0.001815795,0.053692683,0.000766341,0.003636811,0,0.5,0.00000
6b,2.415477257,2.88131322,0.508384293,3.144527712,0.145160091,0.851780048,0.01873366,0.190221723,0.041165686,0.201087779,6.34E-05,1.436079627,0.001144451,0.004589622,0.001815795,0.053692683,0.000766341,0.003636811,0,0.5,0.00000
7b,0.878782749,2.91621742,1.428195985,1.528326193,0.028737753,0.00503695,0.169341668,0.304211086,0.102105869,0.000190567,0.073604429,1.879549174,0.004794851,0.005724915,0.004031398,0.037900298,0.003084635,5.46E-05,5.5,5.8,0.42613
7b,0.878782749,2.91621742,1.428195985,1.528326193,0.028737753,0.00503695,0.169341668,0.304211086,0.102105869,0.000190567,0.073604429,1.879549174,0.004794851,0.005724915,0.004031398,0.037900298,0.003084635,5.46E-05,6.3,7,0.48811
7b,0.878782749,2.91621742,1.428195985,1.528326193,0.028737753,0.00503695,0.169341668,0.304211086,0.102105869,0.000190567,0.073604429,1.879549174,0.004794851,0.005724915,0.004031398,0.037900298,0.003084635,5.46E-05,6.2,7.3,0.48036
8b,0.764885236,3.881331715,3.990435139,1.590528178,0.156698769,0.464343686,0.002425358,0.410122117,0.036425438,0.146320694,0.048072245,0.882444067,9.13E-06,0.006254266,0.007826972,6.73E-05,3.92E-05,0.007468962,0,0.8,0.00000
8b,0.764885236,3.881331715,3.990435139,1.590528178,0.156698769,0.464343686,0.002425358,0.410122117,0.036425438,0.146320694,0.048072245,0.882444067,9.13E-06,0.006254266,0.007826972,6.73E-05,3.92E-05,0.007468962,0,1,0.00000
8b,0.764885236,3.881331715,3.990435139,1.590528178,0.156698769,0.464343686,0.002425358,0.410122117,0.036425438,0.146320694,0.048072245,0.882444067,9.13E-06,0.006254266,0.007826972,6.73E-05,3.92E-05,0.007468962,0,1.1,0.00000
9b,0.941649247,3.82160697,2.731819806,0.886645474,0.180151796,0.815172604,0.173452533,0.002699361,0.374671059,0.143441947,0.059238389,0.881908064,6.25E-05,0.002538498,0.002080955,0.045875414,0.001238416,0.00482224,0,0.6,0.00000
9b,0.941649247,3.82160697,2.731819806,0.886645474,0.180151796,0.815172604,0.173452533,0.002699361,0.374671059,0.143441947,0.059238389,0.881908064,6.25E-05,0.002538498,0.002080955,0.045875414,0.001238416,0.00482224,0,0.3,0.00000
9b,0.941649247,3.82160697,2.731819806,0.886645474,0.180151796,0.815172604,0.173452533,0.002699361,0.374671059,0.143441947,0.059238389,0.881908064,6.25E-05,0.002538498,0.002080955,0.045875414,0.001238416,0.00482224,0,0.5,0.00000
10b,3.569794079,0.77674774,3.685059392,3.776892913,0.218171151,0.173088847,0.222995529,0.118005583,0.211381814,0.357670199,0.08444214,0.294852573,0.00574096,0.008237954,0.004530017,0.053174112,0.007375686,0.008480746,0,1.2,0.00000
10b,3.569794079,0.77674774,3.685059392,3.776892913,0.218171151,0.173088847,0.222995529,0.118005583,0.211381814,0.357670199,0.08444214,0.294852573,0.00574096,0.008237954,0.004530017,0.053174112,0.007375686,0.008480746,0,1.5,0.00000
10b,3.569794079,0.77674774,3.685059392,3.776892913,0.218171151,0.173088847,0.222995529,0.118005583,0.211381814,0.357670199,0.08444214,0.294852573,0.00574096,0.008237954,0.004530017,0.053174112,0.007375686,0.008480746,0,1.1,0.00000
11b,4.506752818,0.821058518,1.989567051,2.834584217,0.239586278,1.084730598,0.177790589,0.088116337,0.398971462,0.017844909,0.074524716,1.411107966,0.007672927,0.001744613,0.00011915,8.06E-05,0.008423793,0.001702971,0,0.9,0.00000
11b,4.506752818,0.821058518,1.989567051,2.834584217,0.239586278,1.084730598,0.177790589,0.088116337,0.398971462,0.017844909,0.074524716,1.411107966,0.007672927,0.001744613,0.00011915,8.06E-05,0.008423793,0.001702971,0,0.7,0.00000
11b,4.506752818,0.821058518,1.989567051,2.834584217,0.239586278,1.084730598,0.177790589,0.088116337,0.398971462,0.017844909,0.074524716,1.411107966,0.007672927,0.001744613,0.00011915,8.06E-05,0.008423793,0.001702971,0,0.5,0.00000
12b,4.158143824,3.721470828,1.515161869,0.091348738,0.353941362,0.19711045,0.375400765,0.003102232,0.08355596,0.394777608,0.000585369,1.263610154,0.007972208,0.001072265,1.54E-05,0.022760156,0.003705927,0.008175341,8.4,12.5,0.65082
12b,4.158143824,3.721470828,1.515161869,0.091348738,0.353941362,0.19711045,0.375400765,0.003102232,0.08355596,0.394777608,0.000585369,1.263610154,0.007972208,0.001072265,1.54E-05,0.022760156,0.003705927,0.008175341,8.8,13,0.68181
12b,4.158143824,3.721470828,1.515161869,0.091348738,0.353941362,0.19711045,0.375400765,0.003102232,0.08355596,0.394777608,0.000585369,1.263610154,0.007972208,0.001072265,1.54E-05,0.022760156,0.003705927,0.008175341,8.3,13.4,0.64307
13b,2.1111993,1.716169502,0.985340666,3.171954866,0.295874715,0.73493398,0.004423422,0.240875402,0.450310384,0.186065963,0.081577543,2.46013697,0.002584169,0.009842456,5.33E-05,0.01402681,1.45E-05,0.003354836,0,0.6,0.00000
13b,2.1111993,1.716169502,0.985340666,3.171954866,0.295874715,0.73493398,0.004423422,0.240875402,0.450310384,0.186065963,0.081577543,2.46013697,0.002584169,0.009842456,5.33E-05,0.01402681,1.45E-05,0.003354836,0,0.8,0.00000
13b,2.1111993,1.716169502,0.985340666,3.171954866,0.295874715,0.73493398,0.004423422,0.240875402,0.450310384,0.186065963,0.081577543,2.46013697,0.002584169,0.009842456,5.33E-05,0.01402681,1.45E-05,0.003354836,0,0.8,0.00000
14b,1.201057935,0.922068997,3.948703109,4.177577071,0.00086421,0.706327311,0.324190049,0.108308018,0.394231392,0.402585318,0.024194131,0.813646779,0.003130129,0.002788368,0.005682554,0.027990872,0.00765726,0.005969473,0,0.6,0.00000
14b,1.201057935,0.922068997,3.948703109,4.177577071,0.00086421,0.706327311,0.324190049,0.108308018,0.394231392,0.402585318,0.024194131,0.813646779,0.003130129,0.002788368,0.005682554,0.027990872,0.00765726,0.005969473,0,0.7,0.00000
14b,1.201057935,0.922068997,3.948703109,4.177577071,0.00086421,0.706327311,0.324190049,0.108308018,0.394231392,0.402585318,0.024194131,0.813646779,0.003130129,0.002788368,0.005682554,0.027990872,0.00765726,0.005969473,0,0.8,0.00000
15b,0.414972564,2.614146487,4.226121439,3.008910597,0.168666093,0.760515452,0.304695127,0.177616403,0.291564577,0.000822656,0.039097854,1.031784556,0.00095181,4.88E-05,0.001101502,0.061615057,0.006640731,0.000876508,0,0.6,0.00000
15b,0.414972564,2.614146487,4.226121439,3.008910597,0.168666093,0.760515452,0.304695127,0.177616403,0.291564577,0.000822656,0.039097854,1.031784556,0.00095181,4.88E-05,0.001101502,0.061615057,0.006640731,0.000876508,0,0.7,0.00000
15b,0.414972564,2.614146487,4.226121439,3.008910597,0.168666093,0.760515452,0.304695127,0.177616403,0.291564577,0.000822656,0.039097854,1.031784556,0.00095181,4.88E-05,0.001101502,0.061615057,0.006640731,0.000876508,0,0.7,0.00000
16b,3.364285985,2.431909404,0.8968651,2.362941825,0.001213607,0.082220626,4.48E-05,0.01711786,0.051578512,0.24070071,0.02336057,0.003827081,0.001858653,0.005395634,0.0005821,0.035929705,0.003359517,0.000362273,0,0.4,0.00000
16b,3.364285985,2.431909404,0.8968651,2.362941825,0.001213607,0.082220626,4.48E-05,0.01711786,0.051578512,0.24070071,0.02336057,0.003827081,0.001858653,0.005395634,0.0005821,0.035929705,0.003359517,0.000362273,0,0.5,0.00000
16b,3.364285985,2.431909404,0.8968651,2.362941825,0.001213607,0.082220626,4.48E-05,0.01711786,0.051578512,0.24070071,0.02336057,0.003827081,0.001858653,0.005395634,0.0005821,0.035929705,0.003359517,0.000362273,0,0.7,0.00000
17b,1.489337645,0.815738608,0.198613863,2.240312078,0.099947443,0.288970552,0.357411418,0.197482927,0.273914919,0.198596063,0.034472986,1.551383465,0.003327234,2.23E-05,0.007711434,0.050559292,0.006933478,0.006795155,10.6,11.6,0.82127
17b,1.489337645,0.815738608,0.198613863,2.240312078,0.099947443,0.288970552,0.357411418,0.197482927,0.273914919,0.198596063,0.034472986,1.551383465,0.003327234,2.23E-05,0.007711434,0.050559292,0.006933478,0.006795155,10.5,12.5,0.81352
17b,1.489337645,0.815738608,0.198613863,2.240312078,0.099947443,0.288970552,0.357411418,0.197482927,0.273914919,0.198596063,0.034472986,1.551383465,0.003327234,2.23E-05,0.007711434,0.050559292,0.006933478,0.006795155,10.6,13.3,0.82127
18b,0.9789105,2.724771971,3.022033061,1.9746614,0.053243458,0.264896195,0.279953536,0.333764349,0.222559097,0.156349664,0.091315921,0.001639397,0.001562023,0.001096629,0.002826784,0.007783249,9.71E-05,0.009038822,0,1.1,0.00000
18b,0.9789105,2.724771971,3.022033061,1.9746614,0.053243458,0.264896195,0.279953536,0.333764349,0.222559097,0.156349664,0.091315921,0.001639397,0.001562023,0.001096629,0.002826784,0.007783249,9.71E-05,0.009038822,0,1.1,0.00000
18b,0.9789105,2.724771971,3.022033061,1.9746614,0.053243458,0.264896195,0.279953536,0.333764349,0.222559097,0.156349664,0.091315921,0.001639397,0.001562023,0.001096629,0.002826784,0.007783249,9.71E-05,0.009038822,0,1.4,0.00000
19b,2.325279123,3.793890178,0.77642793,4.711501456,0.365886736,0.81802901,0.003992375,0.159531638,0.365587179,0.312360777,0.0857103,0.00329268,0.005296171,0.003648883,0.001200664,4.43E-05,0.004773424,0.008637357,0,1.4,0.00000
19b,2.325279123,3.793890178,0.77642793,4.711501456,0.365886736,0.81802901,0.003992375,0.159531638,0.365587179,0.312360777,0.0857103,0.00329268,0.005296171,0.003648883,0.001200664,4.43E-05,0.004773424,0.008637357,0,1.6,0.00000
19b,2.325279123,3.793890178,0.77642793,4.711501456,0.365886736,0.81802901,0.003992375,0.159531638,0.365587179,0.312360777,0.0857103,0.00329268,0.005296171,0.003648883,0.001200664,4.43E-05,0.004773424,0.008637357,0,1.7,0.00000
20b,4.301794452,0.884484599,1.220180193,4.306578281,0.127024097,0.000536435,0.001741244,0.004758689,0.38211617,0.199514861,0.016551967,0.002208863,0.003362371,0.008397492,6.30E-05,0.016509017,5.51E-05,0.007824942,0,1,0.00000
20b,4.301794452,0.884484599,1.220180193,4.306578281,0.127024097,0.000536435,0.001741244,0.004758689,0.38211617,0.199514861,0.016551967,0.002208863,0.003362371,0.008397492,6.30E-05,0.016509017,5.51E-05,0.007824942,0,1,0.00000
20b,4.301794452,0.884484599,1.220180193,4.306578281,0.127024097,0.000536435,0.001741244,0.004758689,0.38211617,0.199514861,0.016551967,0.002208863,0.003362371,0.008397492,6.30E-05,0.016509017,5.51E-05,0.007824942,0,1.4,0.00000
21b,1.31493606,3.635178999,3.799660883,0.974680268,0.119712077,0.122638291,0.069198923,0.327598296,0.247870899,0.374097161,0.061845142,0.438358467,8.24E-05,0.001388896,0.008426056,0.044032442,0.006961863,0.000126023,0,0.9,0.00000
21b,1.31493606,3.635178999,3.799660883,0.974680268,0.119712077,0.122638291,0.069198923,0.327598296,0.247870899,0.374097161,0.061845142,0.438358467,8.24E-05,0.001388896,0.008426056,0.044032442,0.006961863,0.000126023,0,1.7,0.00000
21b,1.31493606,3.635178999,3.799660883,0.974680268,0.119712077,0.122638291,0.069198923,0.327598296,0.247870899,0.374097161,0.061845142,0.438358467,8.24E-05,0.001388896,0.008426056,0.044032442,0.006961863,0.000126023,0,1.1,0.00000
22b,1.347706968,3.996181377,1.630601302,0.706079864,0.000596327,0.606550557,0.028847662,0.001809514,0.02869422,0.493001099,0.061974982,0.587548813,0.009697081,0.007275855,0.005054481,0.004734514,0.006863254,0.003541272,0,0.4,0.00000
22b,1.347706968,3.996181377,1.630601302,0.706079864,0.000596327,0.606550557,0.028847662,0.001809514,0.02869422,0.493001099,0.061974982,0.587548813,0.009697081,0.007275855,0.005054481,0.004734514,0.006863254,0.003541272,0,0.5,0.00000
22b,1.347706968,3.996181377,1.630601302,0.706079864,0.000596327,0.606550557,0.028847662,0.001809514,0.02869422,0.493001099,0.061974982,0.587548813,0.009697081,0.007275855,0.005054481,0.004734514,0.006863254,0.003541272,0,0.4,0.00000
23b,2.643430531,2.220472932,2.292272761,0.049649231,0.476769236,0.416825739,0.470173232,0.057686207,0.200606319,0.000899691,0.05126914,0.003833329,0.007094401,0.008029992,0.001679426,3.53E-05,0.00324925,9.10E-05,0,2.1,0.00000
23b,2.643430531,2.220472932,2.292272761,0.049649231,0.476769236,0.416825739,0.470173232,0.057686207,0.200606319,0.000899691,0.05126914,0.003833329,0.007094401,0.008029992,0.001679426,3.53E-05,0.00324925,9.10E-05,0,2.9,0.00000
23b,2.643430531,2.220472932,2.292272761,0.049649231,0.476769236,0.416825739,0.470173232,0.057686207,0.200606319,0.000899691,0.05126914,0.003833329,0.007094401,0.008029992,0.001679426,3.53E-05,0.00324925,9.10E-05,0,2.4,0.00000
24b,3.428819382,1.341367291,3.781297217,1.40767782,0.044357013,0.399549582,0.392033763,0.434811437,0.417773777,0.365131527,0.014513397,0.791130887,6.44E-05,0.000430104,0.006342162,0.046242807,0.001630483,0.0062203,0,1.1,0.00000
24b,3.428819382,1.341367291,3.781297217,1.40767782,0.044357013,0.399549582,0.392033763,0.434811437,0.417773777,0.365131527,0.014513397,0.791130887,6.44E-05,0.000430104,0.006342162,0.046242807,0.001630483,0.0062203,0,1.1,0.00000
24b,3.428819382,1.341367291,3.781297217,1.40767782,0.044357013,0.399549582,0.392033763,0.434811437,0.417773777,0.365131527,0.014513397,0.791130887,6.44E-05,0.000430104,0.006342162,0.046242807,0.001630483,0.0062203,0,1.1,0.00000
25b,1.457623742,1.308321928,0.47393834,0.538452061,0.002376573,0.011334645,0.005346674,0.005443666,0.001841461,0.001629623,8.42E-05,0.005192773,0.000109699,9.45E-05,9.20E-05,0.000108761,0.000101283,0.000105984,13.7,11.7,1.06145
25b,1.457623742,1.308321928,0.47393834,0.538452061,0.002376573,0.011334645,0.005346674,0.005443666,0.001841461,0.001629623,8.42E-05,0.005192773,0.000109699,9.45E-05,9.20E-05,0.000108761,0.000101283,0.000105984,13.8,13,1.06920
25b,1.457623742,1.308321928,0.47393834,0.538452061,0.002376573,0.011334645,0.005346674,0.005443666,0.001841461,0.001629623,8.42E-05,0.005192773,0.000109699,9.45E-05,9.20E-05,0.000108761,0.000101283,0.000105984,14,13,1.08469
0c,0.94775,1.167913,0.180028,0.978002,0.33733,0.135659,0.414452,0.075534,0.203132,0.37559,0.004325,1.986739,0.009158,0.001909,0.001446,0.06381,0.009425,0.008337,7.68,18,0.900387925
0c,0.94775,1.167913,0.180028,0.978002,0.33733,0.135659,0.414452,0.075534,0.203132,0.37559,0.004325,1.986739,0.009158,0.001909,0.001446,0.06381,0.009425,0.008337,7.59,17.4,0.889836504
0c,0.94775,1.167913,0.180028,0.978002,0.33733,0.135659,0.414452,0.075534,0.203132,0.37559,0.004325,1.986739,0.009158,0.001909,0.001446,0.06381,0.009425,0.008337,7.64,17.4,0.895698405
1c,0.897217,1.101133,0.103716,0.508811,0.246048,0.042705,0.252029,0.243208,0.243781,0.064238,0.077014,1.672971,0.005974,0.00332,0.005676,0.044762,0.005606,0.005725,9.03,17.1,1.087474472
1c,0.897217,1.101133,0.103716,0.508811,0.246048,0.042705,0.252029,0.243208,0.243781,0.064238,0.077014,1.672971,0.005974,0.00332,0.005676,0.044762,0.005606,0.005725,9.06,16,1.080326753
1c,0.897217,1.101133,0.103716,0.508811,0.246048,0.042705,0.252029,0.243208,0.243781,0.064238,0.077014,1.672971,0.005974,0.00332,0.005676,0.044762,0.005606,0.005725,9.02,17.3,1.0976855
2c,0.894846,1.100198,0.104923,0.506559,0.248216,0.132975,0.295962,0.221188,0.263114,0.070177,0.076708,1.67308,0.006048,0.003303,0.005809,0.04381,0.005576,0.005797,9.19,16.4,1.062968005
2c,0.894846,1.100198,0.104923,0.506559,0.248216,0.132975,0.295962,0.221188,0.263114,0.070177,0.076708,1.67308,0.006048,0.003303,0.005809,0.04381,0.005576,0.005797,9.14,16.9,1.047651464
2c,0.894846,1.100198,0.104923,0.506559,0.248216,0.132975,0.295962,0.221188,0.263114,0.070177,0.076708,1.67308,0.006048,0.003303,0.005809,0.04381,0.005576,0.005797,9.06,16.9,1.062968005
3c,0.635128,1.160442,1.036307,0.495889,0.291773,0.121539,0.42809,0.145395,0.250179,0.412893,0.047291,1.395122,0.003902,0.001668,0.005222,0.049524,0.008305,0.006198,0.76,2.3,0.089100888
3c,0.635128,1.160442,1.036307,0.495889,0.291773,0.121539,0.42809,0.145395,0.250179,0.412893,0.047291,1.395122,0.003902,0.001668,0.005222,0.049524,0.008305,0.006198,0.95,2.8,0.111376111
3c,0.635128,1.160442,1.036307,0.495889,0.291773,0.121539,0.42809,0.145395,0.250179,0.412893,0.047291,1.395122,0.003902,0.001668,0.005222,0.049524,0.008305,0.006198,1.26,3.2,0.147719894
4c,1.135975,1.223237,0.954036,0.607179,0.066678,0.062673,0.205135,0.097682,0.153687,0.274961,0.007577,1.779558,0.006516,0.005693,0.005959,0.026943,0.008658,0.006775,8.21,15.9,0.976174268
4c,1.135975,1.223237,0.954036,0.607179,0.066678,0.062673,0.205135,0.097682,0.153687,0.274961,0.007577,1.779558,0.006516,0.005693,0.005959,0.026943,0.008658,0.006775,8.12,16,0.982300885
4c,1.135975,1.223237,0.954036,0.607179,0.066678,0.062673,0.205135,0.097682,0.153687,0.274961,0.007577,1.779558,0.006516,0.005693,0.005959,0.026943,0.008658,0.006775,8.16,15.9,0.971068754
5c,0.863448,1.277408,0.200085,0.828237,0.12976,0.050816,0.3075,0.293988,0.26847,0.460747,0.037056,1.2963,0.004415,0.007491,0.00289,0.06381,0.009533,0.009676,0,0.9,0
5c,0.863448,1.277408,0.200085,0.828237,0.12976,0.050816,0.3075,0.293988,0.26847,0.460747,0.037056,1.2963,0.004415,0.007491,0.00289,0.06381,0.009533,0.009676,0,0.9,0
5c,0.863448,1.277408,0.200085,0.828237,0.12976,0.050816,0.3075,0.293988,0.26847,0.460747,0.037056,1.2963,0.004415,0.007491,0.00289,0.06381,0.009533,0.009676,0,0.9,0
6c,0.314702,1.080844,0.56956,0.604067,0.230908,0.365419,0.466041,0.081576,0.222177,0.265009,0.02921,0.972446,0.007818,0.000151,0.001785,0.010925,0.004977,0.003776,0,1.7,0
6c,0.314702,1.080844,0.56956,0.604067,0.230908,0.365419,0.466041,0.081576,0.222177,0.265009,0.02921,0.972446,0.007818,0.000151,0.001785,0.010925,0.004977,0.003776,0,1.8,0
6c,0.314702,1.080844,0.56956,0.604067,0.230908,0.365419,0.466041,0.081576,0.222177,0.265009,0.02921,0.972446,0.007818,0.000151,0.001785,0.010925,0.004977,0.003776,0,1.8,0
8c,0.400999,1.392585,0.505966,0.591378,0.436441,0.388113,0.388718,0.251436,0.247073,0.071365,0.012087,1.624001,0.006881,0.000177,0.002322,0.068571,0.009554,0.008719,0.55,0.9,0.064480906
8c,0.400999,1.392585,0.505966,0.591378,0.436441,0.388113,0.388718,0.251436,0.247073,0.071365,0.012087,1.624001,0.006881,0.000177,0.002322,0.068571,0.009554,0.008719,0.74,0.4,0.086756128
8c,0.400999,1.392585,0.505966,0.591378,0.436441,0.388113,0.388718,0.251436,0.247073,0.071365,0.012087,1.624001,0.006881,0.000177,0.002322,0.068571,0.009554,0.008719,0.88,0.6,0.10316945
9c,1.453368,1.392585,0.505966,0.591378,0.436441,0.388113,0.388718,0.251436,0.247073,0.071365,0.012087,1.624001,0.006881,0.000177,0.002322,0.029524,0.009554,0.008719,6.91,13.7,0.810114657
9c,1.453368,1.392585,0.505966,0.591378,0.436441,0.388113,0.388718,0.251436,0.247073,0.071365,0.012087,1.624001,0.006881,0.000177,0.002322,0.029524,0.009554,0.008719,6.93,15.5,0.812459417
9c,1.453368,1.392585,0.505966,0.591378,0.436441,0.388113,0.388718,0.251436,0.247073,0.071365,0.012087,1.624001,0.006881,0.000177,0.002322,0.029524,0.009554,0.008719,6.83,15.1,0.800735616
10c,1.508448,1.675694,0.586488,0.976332,0.374204,0.365855,0.197889,0.070151,0.377377,0.206901,0.042254,1.32315,0.002475,0.003797,0.005938,0.074286,0.00714,0.008588,0.62,1.5,0.072687567
10c,1.508448,1.675694,0.586488,0.976332,0.374204,0.365855,0.197889,0.070151,0.377377,0.206901,0.042254,1.32315,0.002475,0.003797,0.005938,0.074286,0.00714,0.008588,0.54,1.5,0.063308526
10c,1.508448,1.675694,0.586488,0.976332,0.374204,0.365855,0.197889,0.070151,0.377377,0.206901,0.042254,1.32315,0.002475,0.003797,0.005938,0.074286,0.00714,0.008588,0.6,1.6,0.070342807
11c,0.592608,0.829521,0.159113,0.227407,0.487338,0.114322,0.391651,0.240321,0.268775,0.354381,0.042738,2.21586,0.002445,0.007181,0.008625,0.066667,0.006609,0.003108,5.62,10.7,0.658877623
11c,0.592608,0.829521,0.159113,0.227407,0.487338,0.114322,0.391651,0.240321,0.268775,0.354381,0.042738,2.21586,0.002445,0.007181,0.008625,0.066667,0.006609,0.003108,6.3,11.7,0.73859947
11c,0.592608,0.829521,0.159113,0.227407,0.487338,0.114322,0.391651,0.240321,0.268775,0.354381,0.042738,2.21586,0.002445,0.007181,0.008625,0.066667,0.006609,0.003108,6.35,11.5,0.744461371
16c,1.90411,1.781166,0.321659,1.350978,0.330167,0.368648,0.432533,0.038732,0.310076,0.106304,0.051511,1.577051,0.002405,0.008159,0.007676,0.049524,0.000931,0.006575,3.68,6.9,0.431435881
16c,1.90411,1.781166,0.321659,1.350978,0.330167,0.368648,0.432533,0.038732,0.310076,0.106304,0.051511,1.577051,0.002405,0.008159,0.007676,0.049524,0.000931,0.006575,4.07,7.5,0.477158705
16c,1.90411,1.781166,0.321659,1.350978,0.330167,0.368648,0.432533,0.038732,0.310076,0.106304,0.051511,1.577051,0.002405,0.008159,0.007676,0.049524,0.000931,0.006575,4.18,7.6,0.490054886
17c,0.833371,0.681849,0.306765,0.438219,0.340991,0.300236,0.297025,0.209993,0.481223,0.072767,0.087571,1.761225,0.008537,0.008189,0.008422,0.031429,0.004879,0.005449,6.26,8.7,0.73390995
17c,0.833371,0.681849,0.306765,0.438219,0.340991,0.300236,0.297025,0.209993,0.481223,0.072767,0.087571,1.761225,0.008537,0.008189,0.008422,0.031429,0.004879,0.005449,6.34,8.8,0.743288991
17c,0.833371,0.681849,0.306765,0.438219,0.340991,0.300236,0.297025,0.209993,0.481223,0.072767,0.087571,1.761225,0.008537,0.008189,0.008422,0.031429,0.004879,0.005449,6.51,9.3,0.763219452
20c,1.372165,1.113386,0.593621,1.466518,0.326297,0.468642,0.020288,0.208285,0.241248,0.357198,0.095694,1.276272,0.002475,0.000552,0.008537,0.06,0.009072,0.004452,0,1,0
20c,1.372165,1.113386,0.593621,1.466518,0.326297,0.468642,0.020288,0.208285,0.241248,0.357198,0.095694,1.276272,0.002475,0.000552,0.008537,0.06,0.009072,0.004452,0,1,0
20c,1.372165,1.113386,0.593621,1.466518,0.326297,0.468642,0.020288,0.208285,0.241248,0.357198,0.095694,1.276272,0.002475,0.000552,0.008537,0.06,0.009072,0.004452,0,0.8,0
23c,1.583011,0.631942,4.418551,3.367415,0.113684,0.283529,0.310505,0.013489,0.013996,0.124755,0.050776,2.294144,0.007847,0.001451,0.007579,0.061905,0.008975,0.006814,0.34,0.8,0.039860924
23c,1.583011,0.631942,4.418551,3.367415,0.113684,0.283529,0.310505,0.013489,0.013996,0.124755,0.050776,2.294144,0.007847,0.001451,0.007579,0.061905,0.008975,0.006814,0.36,1.2,0.042205684
23c,1.583011,0.631942,4.418551,3.367415,0.113684,0.283529,0.310505,0.013489,0.013996,0.124755,0.050776,2.294144,0.007847,0.001451,0.007579,0.061905,0.008975,0.006814,0.42,1,0.049239965
25c,1.556478,1.325467,0.451011,0.48577,0.002412,0.01146,0.005386,0.004633,0.001576,0.001758,7.80E-05,0.00463,0.000109,0.000101,0.000102,0.000104,9.40E-05,9.10E-05,8.98,13.6,1.05279734
25c,1.556478,1.325467,0.451011,0.48577,0.002412,0.01146,0.005386,0.004633,0.001576,0.001758,7.80E-05,0.00463,0.000109,0.000101,0.000102,0.000104,9.40E-05,9.10E-05,9.3,13.8,1.090313503
25c,1.556478,1.325467,0.451011,0.48577,0.002412,0.01146,0.005386,0.004633,0.001576,0.001758,7.80E-05,0.00463,0.000109,0.000101,0.000102,0.000104,9.40E-05,9.10E-05,9,13.7,1.0551421
26c,2.585733,1.965288,3.876564,3.512002,0.279191,0.106013,0.45564,0.390576,0.216876,0.267086,0.095457,1.211474,0.006608,0.001744,0.001698,0.018095,0.000454,0.005397,0,1.1,0
26c,2.585733,1.965288,3.876564,3.512002,0.279191,0.106013,0.45564,0.390576,0.216876,0.267086,0.095457,1.211474,0.006608,0.001744,0.001698,0.018095,0.000454,0.005397,0,-0.6,0
26c,2.585733,1.965288,3.876564,3.512002,0.279191,0.106013,0.45564,0.390576,0.216876,0.267086,0.095457,1.211474,0.006608,0.001744,0.001698,0.018095,0.000454,0.005397,0,2.4,0
27c,1.046277,3.303182,4.789812,0.789647,0.265018,0.042155,0.30672,0.262345,0.466454,0.16327,0.076827,2.237153,0.004717,0.00863,0.000681,0.033333,0.003638,0.007753,5.71,17.9,0.669429044
27c,1.046277,3.303182,4.789812,0.789647,0.265018,0.042155,0.30672,0.262345,0.466454,0.16327,0.076827,2.237153,0.004717,0.00863,0.000681,0.033333,0.003638,0.007753,5.86,16.9,0.687014745
27c,1.046277,3.303182,4.789812,0.789647,0.265018,0.042155,0.30672,0.262345,0.466454,0.16327,0.076827,2.237153,0.004717,0.00863,0.000681,0.033333,0.003638,0.007753,5.87,15.7,0.688187125
28c,2.048488,3.955852,4.66632,0.204766,0.066574,0.289513,0.458622,0.122222,0.00347,0.008149,0.020807,2.292761,0.009422,0.003738,0.007516,0.059048,0.007318,0.007072,0,2.3,0
28c,2.048488,3.955852,4.66632,0.204766,0.066574,0.289513,0.458622,0.122222,0.00347,0.008149,0.020807,2.292761,0.009422,0.003738,0.007516,0.059048,0.007318,0.007072,0,1.6,0
28c,2.048488,3.955852,4.66632,0.204766,0.066574,0.289513,0.458622,0.122222,0.00347,0.008149,0.020807,2.292761,0.009422,0.003738,0.007516,0.059048,0.007318,0.007072,0,2.4,0
29c,3.88969,4.319213,4.783651,1.614815,0.07866,0.009209,0.365745,0.169773,0.20524,0.32186,0.079907,2.425746,0.001951,0.00562,0.005037,0.021905,0.006057,0.008928,5.82,13.1,0.682325225
29c,3.88969,4.319213,4.783651,1.614815,0.07866,0.009209,0.365745,0.169773,0.20524,0.32186,0.079907,2.425746,0.001951,0.00562,0.005037,0.021905,0.006057,0.008928,6.23,14.2,0.730392809
29c,3.88969,4.319213,4.783651,1.614815,0.07866,0.009209,0.365745,0.169773,0.20524,0.32186,0.079907,2.425746,0.001951,0.00562,0.005037,0.021905,0.006057,0.008928,5.84,13,0.684669985
30c,0.554561,1.724935,3.727283,2.82304,0.143008,0.077555,0.324884,0.367668,0.029087,0.358511,0.037997,1.195046,0.004483,2.10E-05,0.009021,0.049524,0.003796,0.007169,0,1.4,0
30c,0.554561,1.724935,3.727283,2.82304,0.143008,0.077555,0.324884,0.367668,0.029087,0.358511,0.037997,1.195046,0.004483,2.10E-05,0.009021,0.049524,0.003796,0.007169,0,2.4,0
30c,0.554561,1.724935,3.727283,2.82304,0.143008,0.077555,0.324884,0.367668,0.029087,0.358511,0.037997,1.195046,0.004483,2.10E-05,0.009021,0.049524,0.003796,0.007169,0,1.2,0
31c,2.846039,3.837443,3.34215,2.572997,0.013983,0.815449,0.313017,0.152005,0.363591,0.082603,0.001253,2.065305,0.004697,0.001525,0.007392,0.047619,0.004182,0.009583,0,2.4,0
31c,2.846039,3.837443,3.34215,2.572997,0.013983,0.815449,0.313017,0.152005,0.363591,0.082603,0.001253,2.065305,0.004697,0.001525,0.007392,0.047619,0.004182,0.009583,0,0.3,0
31c,2.846039,3.837443,3.34215,2.572997,0.013983,0.815449,0.313017,0.152005,0.363591,0.082603,0.001253,2.065305,0.004697,0.001525,0.007392,0.047619,0.004182,0.009583,0,2.4,0
32c,4.398306,3.807857,3.029419,3.020582,0.275265,0.169002,0.397934,0.015595,0.435862,0.222906,0.07713,1.428605,0.002644,0.006404,0.00725,0.070476,0.00198,0.006712,4.87,10.5,0.570949114
32c,4.398306,3.807857,3.029419,3.020582,0.275265,0.169002,0.397934,0.015595,0.435862,0.222906,0.07713,1.428605,0.002644,0.006404,0.00725,0.070476,0.00198,0.006712,4.87,10.4,0.570949114
32c,4.398306,3.807857,3.029419,3.020582,0.275265,0.169002,0.397934,0.015595,0.435862,0.222906,0.07713,1.428605,0.002644,0.006404,0.00725,0.070476,0.00198,0.006712,4.9,13.6,0.574466254
33c,1.038313,3.520151,0.775047,3.145692,0.281229,0.287069,0.302575,0.342886,0.037433,0.467116,0.066191,1.632345,0.007346,0.007831,0.00366,0.005464,0.007023,0.005785,0,3.1,0
33c,1.038313,3.520151,0.775047,3.145692,0.281229,0.287069,0.302575,0.342886,0.037433,0.467116,0.066191,1.632345,0.007346,0.007831,0.00366,0.005464,0.007023,0.005785,0,2.6,0
33c,1.038313,3.520151,0.775047,3.145692,0.281229,0.287069,0.302575,0.342886,0.037433,0.467116,0.066191,1.632345,0.007346,0.007831,0.00366,0.005464,0.007023,0.005785,0,3.9,0
34c,1.043006,2.620689,4.438339,3.962105,0.215963,0.091056,0.496529,0.102585,0.025279,0.062286,0.031665,1.217309,0.000297,0.008966,0.008761,0.04,0.000323,0.005688,5.31,22,0.622533839
34c,1.043006,2.620689,4.438339,3.962105,0.215963,0.091056,0.496529,0.102585,0.025279,0.062286,0.031665,1.217309,0.000297,0.008966,0.008761,0.04,0.000323,0.005688,5.52,22.2,0.647153821
34c,1.043006,2.620689,4.438339,3.962105,0.215963,0.091056,0.496529,0.102585,0.025279,0.062286,0.031665,1.217309,0.000297,0.008966,0.008761,0.04,0.000323,0.005688,5.48,21.3,0.642464301
7c,0.917419299,1.13729775,0.18710037,0.944443293,0.349813475,0.58389776,0.389878049,0.099787502,0.188638876,0.355725118,0.037383178,1.950640664,0.00917036,0.001696526,0.00222641,0.062976545,0.009553929,0.008424233,0.19,1,0.022275222
7c,0.917419299,1.13729775,0.18710037,0.944443293,0.349813475,0.58389776,0.389878049,0.099787502,0.188638876,0.355725118,0.037383178,1.950640664,0.00917036,0.001696526,0.00222641,0.062976545,0.009553929,0.008424233,0.19,1.1,0.022275222
7c,0.917419299,1.13729775,0.18710037,0.944443293,0.349813475,0.58389776,0.389878049,0.099787502,0.188638876,0.355725118,0.037383178,1.950640664,0.00917036,0.001696526,0.00222641,0.062976545,0.009553929,0.008424233,0.19,1.4,0.022275222
12c,0.30750392,1.139573082,0.55133142,0.468454402,0.242386658,0.382543287,0.468880017,0.107294583,0.230534712,0.26468981,0.030851104,0.992368805,0.008077376,0.000533358,0.001889476,0.010693223,0.005127322,0.004070658,0,0.94,0
12c,0.30750392,1.139573082,0.55133142,0.468454402,0.242386658,0.382543287,0.468880017,0.107294583,0.230534712,0.26468981,0.030851104,0.992368805,0.008077376,0.000533358,0.001889476,0.010693223,0.005127322,0.004070658,0.07,1.46,0.008206661
12c,0.30750392,1.139573082,0.55133142,0.468454402,0.242386658,0.382543287,0.468880017,0.107294583,0.230534712,0.26468981,0.030851104,0.992368805,0.008077376,0.000533358,0.001889476,0.010693223,0.005127322,0.004070658,0.04,1.06,0.00468952
13c,1.37554547,1.445240709,0.203169013,0.332521723,0.416764646,0.738506303,0.125496857,0.135091523,0.067576622,0.356170435,0.04259088,2.266163092,0.005947987,0.004724797,0.004053814,0.019655504,0.006073379,0.005224671,0,1.02,0
13c,1.37554547,1.445240709,0.203169013,0.332521723,0.416764646,0.738506303,0.125496857,0.135091523,0.067576622,0.356170435,0.04259088,2.266163092,0.005947987,0.004724797,0.004053814,0.019655504,0.006073379,0.005224671,0.02,1.08,0.00234476
13c,1.37554547,1.445240709,0.203169013,0.332521723,0.416764646,0.738506303,0.125496857,0.135091523,0.067576622,0.356170435,0.04259088,2.266163092,0.005947987,0.004724797,0.004053814,0.019655504,0.006073379,0.005224671,0.02,1.02,0.00234476
14c,0.559750205,1.426620038,0.993684001,0.578079393,0.161880783,1.013120828,0.326575383,0.41049795,0.351343488,0.267449562,0.052185212,1.353019933,0.009083739,0.005217804,0.001705933,0.02498617,0.005014844,0.005147227,0,0.54,0
14c,0.559750205,1.426620038,0.993684001,0.578079393,0.161880783,1.013120828,0.326575383,0.41049795,0.351343488,0.267449562,0.052185212,1.353019933,0.009083739,0.005217804,0.001705933,0.02498617,0.005014844,0.005147227,0,0.62,0
14c,0.559750205,1.426620038,0.993684001,0.578079393,0.161880783,1.013120828,0.326575383,0.41049795,0.351343488,0.267449562,0.052185212,1.353019933,0.009083739,0.005217804,0.001705933,0.02498617,0.005014844,0.005147227,0,0.62,0
15c,0.441949938,1.588451875,0.515080093,0.697600518,0.485089471,0.694412174,0.315678315,0.217951398,0.43952935,0.432694241,0.011729325,0.871954287,0.009804752,0.003292565,0.006848586,0.03272504,0.006924941,0.008098423,0,0.54,0
15c,0.441949938,1.588451875,0.515080093,0.697600518,0.485089471,0.694412174,0.315678315,0.217951398,0.43952935,0.432694241,0.011729325,0.871954287,0.009804752,0.003292565,0.006848586,0.03272504,0.006924941,0.008098423,0,0.58,0
15c,0.441949938,1.588451875,0.515080093,0.697600518,0.485089471,0.694412174,0.315678315,0.217951398,0.43952935,0.432694241,0.011729325,0.871954287,0.009804752,0.003292565,0.006848586,0.03272504,0.006924941,0.008098423,0,0.62,0
18c,0.653595715,1.116207715,0.209745421,0.507636983,0.411929389,0.697934933,0.103862276,0.126820609,0.486664568,0.485941783,0.096107356,0.599374213,0.006656694,0.000990671,0.007058462,0.049182144,0.001237404,0.008766069,0,0.72,0
18c,0.653595715,1.116207715,0.209745421,0.507636983,0.411929389,0.697934933,0.103862276,0.126820609,0.486664568,0.485941783,0.096107356,0.599374213,0.006656694,0.000990671,0.007058462,0.049182144,0.001237404,0.008766069,0,0.76,0
18c,0.653595715,1.116207715,0.209745421,0.507636983,0.411929389,0.697934933,0.103862276,0.126820609,0.486664568,0.485941783,0.096107356,0.599374213,0.006656694,0.000990671,0.007058462,0.049182144,0.001237404,0.008766069,0,1.02,0
19c,1.035311436,1.243053589,0.655744736,0.616488345,0.425916418,0.697764069,0.124911835,0.123705989,0.478280706,0.552,0.09888664,0.124059733,0.003480597,0.008227627,0.009516542,0.049447875,0.007712872,0.006769617,0,0.94,0
19c,1.035311436,1.243053589,0.655744736,0.616488345,0.425916418,0.697764069,0.124911835,0.123705989,0.478280706,0.552,0.09888664,0.124059733,0.003480597,0.008227627,0.009516542,0.049447875,0.007712872,0.006769617,0,0.96,0
19c,1.035311436,1.243053589,0.655744736,0.616488345,0.425916418,0.697764069,0.124911835,0.123705989,0.478280706,0.552,0.09888664,0.124059733,0.003480597,0.008227627,0.009516542,0.049447875,0.007712872,0.006769617,0,0.86,0
21c,1.12005297,1.242657567,1.279963354,0.543126142,0.086062667,1.006940634,0.436526821,0.344104599,0.279940874,0.291049909,0.058985621,0.516362005,0.00591735,0.006815176,0.007605729,0.032628555,0.006211037,0.006026425,0,1.12,0
21c,1.12005297,1.242657567,1.279963354,0.543126142,0.086062667,1.006940634,0.436526821,0.344104599,0.279940874,0.291049909,0.058985621,0.516362005,0.00591735,0.006815176,0.007605729,0.032628555,0.006211037,0.006026425,0,0.98,0
21c,1.12005297,1.242657567,1.279963354,0.543126142,0.086062667,1.006940634,0.436526821,0.344104599,0.279940874,0.291049909,0.058985621,0.516362005,0.00591735,0.006815176,0.007605729,0.032628555,0.006211037,0.006026425,0,1.76,0
22c,4.619793448,3.180390817,3.814341125,0.280609177,0.237304064,0.879325286,0.435048336,0.354151545,0.088064754,0.487628498,0.089010467,2.058640264,0.009972478,0.009589393,0.003317847,0.018708038,0.001812884,0.006658541,0,0.7,0
22c,4.619793448,3.180390817,3.814341125,0.280609177,0.237304064,0.879325286,0.435048336,0.354151545,0.088064754,0.487628498,0.089010467,2.058640264,0.009972478,0.009589393,0.003317847,0.018708038,0.001812884,0.006658541,0,1,0
22c,4.619793448,3.180390817,3.814341125,0.280609177,0.237304064,0.879325286,0.435048336,0.354151545,0.088064754,0.487628498,0.089010467,2.058640264,0.009972478,0.009589393,0.003317847,0.018708038,0.001812884,0.006658541,0,0.94,0
24c,4.291070956,4.091896908,1.321018803,0.299798724,0.411874598,0.080134892,0.468359709,0.114329208,0.357078877,0.361906074,0.069739283,0.913847264,0.008394108,0.000310742,0.002309277,0.044396616,0.006924767,0.005049794,0,1.34,0
24c,4.291070956,4.091896908,1.321018803,0.299798724,0.411874598,0.080134892,0.468359709,0.114329208,0.357078877,0.361906074,0.069739283,0.913847264,0.008394108,0.000310742,0.002309277,0.044396616,0.006924767,0.005049794,0,1.2,0
24c,4.291070956,4.091896908,1.321018803,0.299798724,0.411874598,0.080134892,0.468359709,0.114329208,0.357078877,0.361906074,0.069739283,0.913847264,0.008394108,0.000310742,0.002309277,0.044396616,0.006924767,0.005049794,0.01,1.4,0.00117238
0d,0.806697437,1.675861119,0.429266561,2.434455815,0.269564977,0.048767694,0.352438781,0.220741922,0.233293579,0.053348699,0.010997331,1.995896023,0.008918365,0.001382105,0.006342197,0.002984387,0.008107645,0.007657232,9.42,15.82,0.943410558
0d,0.806697437,1.675861119,0.429266561,2.434455815,0.269564977,0.048767694,0.352438781,0.220741922,0.233293579,0.053348699,0.010997331,1.995896023,0.008918365,0.001382105,0.006342197,0.002984387,0.008107645,0.007657232,8.41,16.72,0.922901633
0d,0.806697437,1.675861119,0.429266561,2.434455815,0.269564977,0.048767694,0.352438781,0.220741922,0.233293579,0.053348699,0.010997331,1.995896023,0.008918365,0.001382105,0.006342197,0.002984387,0.008107645,0.007657232,8.43,16.6,0.925180403
1d,1.171700336,1.384372439,1.639063658,0.323828062,0.167822769,0.056463452,0.353880837,0.247512782,0.061586639,0.084921391,0.048610334,1.974210318,0.000561635,0.006544752,0.007824624,0.002311013,0.004784648,0.009419504,7.67,17.6,0.891115934
1d,1.171700336,1.384372439,1.639063658,0.323828062,0.167822769,0.056463452,0.353880837,0.247512782,0.061586639,0.084921391,0.048610334,1.974210318,0.000561635,0.006544752,0.007824624,0.002311013,0.004784648,0.009419504,7.53,17.38,0.875740557
1d,1.171700336,1.384372439,1.639063658,0.323828062,0.167822769,0.056463452,0.353880837,0.247512782,0.061586639,0.084921391,0.048610334,1.974210318,0.000561635,0.006544752,0.007824624,0.002311013,0.004784648,0.009419504,7.56,16.9,0.879020512
2d,1.379821782,0.868911035,1.602606308,2.416863629,0.009717326,0.069788936,0.396442023,0.115674964,0.14994983,0.096479331,0.072984524,1.606047444,0.008537023,0.006113524,0.005384544,0.004179592,0.009142548,0.007459059,8.66,16.56,1.080326753
2d,1.379821782,0.868911035,1.602606308,2.416863629,0.009717326,0.069788936,0.396442023,0.115674964,0.14994983,0.096479331,0.072984524,1.606047444,0.008537023,0.006113524,0.005384544,0.004179592,0.009142548,0.007459059,8.61,15.42,1.045609258
2d,1.379821782,0.868911035,1.602606308,2.416863629,0.009717326,0.069788936,0.396442023,0.115674964,0.14994983,0.096479331,0.072984524,1.606047444,0.008537023,0.006113524,0.005384544,0.004179592,0.009142548,0.007459059,8.52,15.6,1.054799183
3d,1.41635568,0.797542521,1.595335585,2.214727215,0.02311879,0.056857859,0.394824156,0.129509456,0.158022634,0.113109291,0.071832682,1.768631223,0.008776539,0.005952807,0.005328483,0.004261859,0.00898563,0.00780824,8.55,14.5,1.011639185
3d,1.41635568,0.797542521,1.595335585,2.214727215,0.02311879,0.056857859,0.394824156,0.129509456,0.158022634,0.113109291,0.071832682,1.768631223,0.008776539,0.005952807,0.005328483,0.004261859,0.00898563,0.00780824,8.49,14.44,0.995150339
3d,1.41635568,0.797542521,1.595335585,2.214727215,0.02311879,0.056857859,0.394824156,0.129509456,0.158022634,0.113109291,0.071832682,1.768631223,0.008776539,0.005952807,0.005328483,0.004261859,0.00898563,0.00780824,8.44,14.28,0.991270611
4d,3.881232803,1.295611676,3.844468764,0.860228772,0.445454865,0.160639755,0.173734075,0.212981178,0.477978431,0.159561908,0.054645763,2.025718689,0.006068153,0.007621744,0.008877864,0.006379493,0.003000677,0.006542586,8.24,14.36,0.958527162
4d,3.881232803,1.295611676,3.844468764,0.860228772,0.445454865,0.160639755,0.173734075,0.212981178,0.477978431,0.159561908,0.054645763,2.025718689,0.006068153,0.007621744,0.008877864,0.006379493,0.003000677,0.006542586,8.35,14.94,0.971361217
4d,3.881232803,1.295611676,3.844468764,0.860228772,0.445454865,0.160639755,0.173734075,0.212981178,0.477978431,0.159561908,0.054645763,2.025718689,0.006068153,0.007621744,0.008877864,0.006379493,0.003000677,0.006542586,8.26,16.46,0.960526997
5d,3.910648495,2.307816388,4.348504136,4.461295308,0.341556047,0.080459599,0.48648662,0.156208186,0.064088168,0.178567338,0.033903802,2.242593037,0.007279499,0.009308151,0.008317954,0.00552243,0.009052562,0.006515725,5.59,19.94,0.649911626
5d,3.910648495,2.307816388,4.348504136,4.461295308,0.341556047,0.080459599,0.48648662,0.156208186,0.064088168,0.178567338,0.033903802,2.242593037,0.007279499,0.009308151,0.008317954,0.00552243,0.009052562,0.006515725,5.71,19.7,0.664069697
5d,3.910648495,2.307816388,4.348504136,4.461295308,0.341556047,0.080459599,0.48648662,0.156208186,0.064088168,0.178567338,0.033903802,2.242593037,0.007279499,0.009308151,0.008317954,0.00552243,0.009052562,0.006515725,5.54,19.26,0.64418962
6d,1.068539941,2.861546489,3.432772451,4.668470724,0.385601151,0.12851237,0.472252306,0.081398727,0.488281126,0.027333853,0.05360036,1.896389581,0.009688138,0.000891299,0.006454027,0.000248356,0.003395121,0.006983489,5.13,19.48,0.596940498
6d,1.068539941,2.861546489,3.432772451,4.668470724,0.385601151,0.12851237,0.472252306,0.081398727,0.488281126,0.027333853,0.05360036,1.896389581,0.009688138,0.000891299,0.006454027,0.000248356,0.003395121,0.006983489,4.82,19.2,0.560831581
6d,1.068539941,2.861546489,3.432772451,4.668470724,0.385601151,0.12851237,0.472252306,0.081398727,0.488281126,0.027333853,0.05360036,1.896389581,0.009688138,0.000891299,0.006454027,0.000248356,0.003395121,0.006983489,4.65,18.38,0.540822131
7d,2.997862907,0.782648112,4.033910084,4.564234234,0.320881155,0.056930033,0.492648575,0.181941707,0.34707643,0.449598916,0.014664323,1.512091349,0.000557252,0.008905796,0.008792312,0.001333892,0.002915099,0.008771558,5.11,11.28,0.594027885
7d,2.997862907,0.782648112,4.033910084,4.564234234,0.320881155,0.056930033,0.492648575,0.181941707,0.34707643,0.449598916,0.014664323,1.512091349,0.000557252,0.008905796,0.008792312,0.001333892,0.002915099,0.008771558,5.07,11.32,0.58931304
7d,2.997862907,0.782648112,4.033910084,4.564234234,0.320881155,0.056930033,0.492648575,0.181941707,0.34707643,0.449598916,0.014664323,1.512091349,0.000557252,0.008905796,0.008792312,0.001333892,0.002915099,0.008771558,5.05,11.24,0.587253868
8d,4.968193304,3.051243018,3.04920231,4.384579842,0.303648112,0.147303894,0.430925224,0.359910055,0.495946025,0.079972514,0.093623179,1.9141365,0.006515926,0.002114619,0.007935142,0.004396866,0.009050426,0.0081891,5.65,17.14,0.657031037
8d,4.968193304,3.051243018,3.04920231,4.384579842,0.303648112,0.147303894,0.430925224,0.359910055,0.495946025,0.079972514,0.093623179,1.9141365,0.006515926,0.002114619,0.007935142,0.004396866,0.009050426,0.0081891,5.58,17.38,0.648911372
8d,4.968193304,3.051243018,3.04920231,4.384579842,0.303648112,0.147303894,0.430925224,0.359910055,0.495946025,0.079972514,0.093623179,1.9141365,0.006515926,0.002114619,0.007935142,0.004396866,0.009050426,0.0081891,5.52,18.92,0.642173855
9d,4.075842108,4.506430267,4.98069843,4.699107157,0.456153667,0.155361938,0.474327683,0.339099551,0.43884866,0.470696455,0.045083432,1.863680169,0,0.001903148,0.009808816,0.002885156,0.009642657,0.007401892,0,2.56,0
9d,4.075842108,4.506430267,4.98069843,4.699107157,0.456153667,0.155361938,0.474327683,0.339099551,0.43884866,0.470696455,0.045083432,1.863680169,0,0.001903148,0.009808816,0.002885156,0.009642657,0.007401892,0,2.56,0
9d,4.075842108,4.506430267,4.98069843,4.699107157,0.456153667,0.155361938,0.474327683,0.339099551,0.43884866,0.470696455,0.045083432,1.863680169,0,0.001903148,0.009808816,0.002885156,0.009642657,0.007401892,0,4.42,0
10d,1.61803405,0.824759754,0.062339371,4.257252994,0.450349097,0.002856691,0.407679249,0.101393474,0.267419777,0.079069465,0.086721195,1.896376394,0.005140793,0.005592989,0.005518722,0.003820089,0.004009555,0.008723707,8.83,16.62,1.195214584
10d,1.61803405,0.824759754,0.062339371,4.257252994,0.450349097,0.002856691,0.407679249,0.101393474,0.267419777,0.079069465,0.086721195,1.896376394,0.005140793,0.005592989,0.005518722,0.003820089,0.004009555,0.008723707,8.72,15.98,1.186099506
10d,1.61803405,0.824759754,0.062339371,4.257252994,0.450349097,0.002856691,0.407679249,0.101393474,0.267419777,0.079069465,0.086721195,1.896376394,0.005140793,0.005592989,0.005518722,0.003820089,0.004009555,0.008723707,8.81,15.42,1.171287505
11d,2.449548172,1.903177143,1.192953136,2.340601071,0.269600432,0.30146369,0.1722182,0.404193271,0.20568418,0.494377659,0.006554838,1.960823087,0.006345746,0.000470994,0.008943823,0.001634772,0.009407597,0.008517253,1.29,3.28,0.150414327
11d,2.449548172,1.903177143,1.192953136,2.340601071,0.269600432,0.30146369,0.1722182,0.404193271,0.20568418,0.494377659,0.006554838,1.960823087,0.006345746,0.000470994,0.008943823,0.001634772,0.009407597,0.008517253,1.78,3.56,0.207383207
11d,2.449548172,1.903177143,1.192953136,2.340601071,0.269600432,0.30146369,0.1722182,0.404193271,0.20568418,0.494377659,0.006554838,1.960823087,0.006345746,0.000470994,0.008943823,0.001634772,0.009407597,0.008517253,1.24,3.16,0.144570976
12d,4.599902469,0.768989497,2.834675283,3.932503653,0.151487635,0.109175608,0.058265314,0.464364451,0.291108298,0.312380374,0.03453029,2.478817239,0.009244002,0.008578097,0.009465771,4.72E-05,0.009355308,0.006773913,7.66,11.66,0.890804558
12d,4.599902469,0.768989497,2.834675283,3.932503653,0.151487635,0.109175608,0.058265314,0.464364451,0.291108298,0.312380374,0.03453029,2.478817239,0.009244002,0.008578097,0.009465771,4.72E-05,0.009355308,0.006773913,7.62,11.72,0.88528952
12d,4.599902469,0.768989497,2.834675283,3.932503653,0.151487635,0.109175608,0.058265314,0.464364451,0.291108298,0.312380374,0.03453029,2.478817239,0.009244002,0.008578097,0.009465771,4.72E-05,0.009355308,0.006773913,7.67,11.8,0.891625245
13d,1.080719224,1.205499785,1.801192315,2.353680976,0.295786584,0.136654301,0.068498229,0.380635995,0.279648499,0.283395612,0.093471128,1.891203067,0.003859165,0.004785976,0.007328672,0.003179458,0.002777937,0.007432111,8.68,16.52,0.907020281
13d,1.080719224,1.205499785,1.801192315,2.353680976,0.295786584,0.136654301,0.068498229,0.380635995,0.279648499,0.283395612,0.093471128,1.891203067,0.003859165,0.004785976,0.007328672,0.003179458,0.002777937,0.007432111,8.68,18.88,0.933229329
13d,1.080719224,1.205499785,1.801192315,2.353680976,0.295786584,0.136654301,0.068498229,0.380635995,0.279648499,0.283395612,0.093471128,1.891203067,0.003859165,0.004785976,0.007328672,0.003179458,0.002777937,0.007432111,9.07,19.14,0.895787832
14d,4.496342556,2.816035731,3.264277897,0.426060366,0.3569073,0.179017136,0.295089434,0.012167623,0.16767752,0.227287412,0.067205557,2.19894135,0.002671412,0.007631416,0.007024126,0.000763761,0.009694223,0.000354465,0.04,0.92,0.004664494
14d,4.496342556,2.816035731,3.264277897,0.426060366,0.3569073,0.179017136,0.295089434,0.012167623,0.16767752,0.227287412,0.067205557,2.19894135,0.002671412,0.007631416,0.007024126,0.000763761,0.009694223,0.000354465,0.06,0.82,0.006997139
14d,4.496342556,2.816035731,3.264277897,0.426060366,0.3569073,0.179017136,0.295089434,0.012167623,0.16767752,0.227287412,0.067205557,2.19894135,0.002671412,0.007631416,0.007024126,0.000763761,0.009694223,0.000354465,0.08,0.5,0.009328561
15d,0.509586117,1.57653711,2.843496358,4.317682306,0.370020898,0.188607613,0.29063708,0.34744503,0.433925247,0.040564091,0.029457567,2.162442144,0.007797358,0.005037245,0.009607231,0.002635231,0.003898462,0.009878951,7.49,19.74,0.782560542
15d,0.509586117,1.57653711,2.843496358,4.317682306,0.370020898,0.188607613,0.29063708,0.34744503,0.433925247,0.040564091,0.029457567,2.162442144,0.007797358,0.005037245,0.009607231,0.002635231,0.003898462,0.009878951,6.98,20.96,0.811666202
15d,0.509586117,1.57653711,2.843496358,4.317682306,0.370020898,0.188607613,0.29063708,0.34744503,0.433925247,0.040564091,0.029457567,2.162442144,0.007797358,0.005037245,0.009607231,0.002635231,0.003898462,0.009878951,7.09,20.68,0.824316879
16d,4.686401646,4.527601944,0.451104451,4.477959066,0.039224292,0.046720964,0.399182397,0.306823861,0.479287141,0.278325301,0.027494015,2.150671496,0.000405583,0.005207805,0.008685751,0.000404193,0.002639289,0.007483594,0,11.22,0
16d,4.686401646,4.527601944,0.451104451,4.477959066,0.039224292,0.046720964,0.399182397,0.306823861,0.479287141,0.278325301,0.027494015,2.150671496,0.000405583,0.005207805,0.008685751,0.000404193,0.002639289,0.007483594,4.34,18.56,0.504284051
16d,4.686401646,4.527601944,0.451104451,4.477959066,0.039224292,0.046720964,0.399182397,0.306823861,0.479287141,0.278325301,0.027494015,2.150671496,0.000405583,0.005207805,0.008685751,0.000404193,0.002639289,0.007483594,4.55,19.04,0.528874227
17d,4.956170577,0.758864682,0.580891724,4.845434791,0.309263357,0.136936013,0.358934387,0.194177425,0.446832494,0.121447672,0.049281769,1.349314275,0.008499189,0.00284866,0.007743341,0.001589207,0.003510999,0.006603698,8.68,14.52,0.995943838
17d,4.956170577,0.758864682,0.580891724,4.845434791,0.309263357,0.136936013,0.358934387,0.194177425,0.446832494,0.121447672,0.049281769,1.349314275,0.008499189,0.00284866,0.007743341,0.001589207,0.003510999,0.006603698,8.89,14.92,0.980967239
17d,4.956170577,0.758864682,0.580891724,4.845434791,0.309263357,0.136936013,0.358934387,0.194177425,0.446832494,0.121447672,0.049281769,1.349314275,0.008499189,0.00284866,0.007743341,0.001589207,0.003510999,0.006603698,9.28,14.42,0.981903276
18d,4.917105392,0.501273551,2.551505597,2.77611656,0.140934003,0.32064687,0.265330788,0.269449753,0.489497524,0.020600709,0.058667114,1.876894815,0.002577616,0.005031011,0.003762417,0.000206232,0.00813227,0.009121329,6.05,8.78,0.703191635
18d,4.917105392,0.501273551,2.551505597,2.77611656,0.140934003,0.32064687,0.265330788,0.269449753,0.489497524,0.020600709,0.058667114,1.876894815,0.002577616,0.005031011,0.003762417,0.000206232,0.00813227,0.009121329,6.06,9,0.704617096
18d,4.917105392,0.501273551,2.551505597,2.77611656,0.140934003,0.32064687,0.265330788,0.269449753,0.489497524,0.020600709,0.058667114,1.876894815,0.002577616,0.005031011,0.003762417,0.000206232,0.00813227,0.009121329,5.97,8.2,0.694044951
19d,4.760373735,4.807155256,2.506437113,1.434733186,0.236040003,0.141286299,0.362701804,0.110148426,0.146911174,0.459151612,0.037487203,1.232463125,0.009702142,0.004490701,0.008611043,0.007062033,0.002980173,0.009058968,5.22,18.64,0.606753782
19d,4.760373735,4.807155256,2.506437113,1.434733186,0.236040003,0.141286299,0.362701804,0.110148426,0.146911174,0.459151612,0.037487203,1.232463125,0.009702142,0.004490701,0.008611043,0.007062033,0.002980173,0.009058968,5.12,19.84,0.594793576
19d,4.760373735,4.807155256,2.506437113,1.434733186,0.236040003,0.141286299,0.362701804,0.110148426,0.146911174,0.459151612,0.037487203,1.232463125,0.009702142,0.004490701,0.008611043,0.007062033,0.002980173,0.009058968,5.14,20.96,0.597074024
20d,4.539261995,1.23928964,2.612901885,2.775766598,0.15755605,0.126174546,0.364314254,0.302614449,0.490320177,0.141527583,0.0559509,2.370079015,0.004934526,0.005756106,0.001103584,0.006181401,0.00860393,0.008491954,8.37,18.54,0.936973479
20d,4.539261995,1.23928964,2.612901885,2.775766598,0.15755605,0.126174546,0.364314254,0.302614449,0.490320177,0.141527583,0.0559509,2.370079015,0.004934526,0.005756106,0.001103584,0.006181401,0.00860393,0.008491954,8.25,18.84,0.928549142
20d,4.539261995,1.23928964,2.612901885,2.775766598,0.15755605,0.126174546,0.364314254,0.302614449,0.490320177,0.141527583,0.0559509,2.370079015,0.004934526,0.005756106,0.001103584,0.006181401,0.00860393,0.008491954,8.35,17.94,0.940717629
21d,4.81187768,3.574139556,2.800115154,0.510710759,0.365419386,0.377088861,0.424808832,0.34310044,0.303582855,0.133954766,0.088412012,2.07667751,0.009110388,0.006593652,0.005332285,0.003051329,0.009069561,0.008775868,0.1,1.3,0.011660961
21d,4.81187768,3.574139556,2.800115154,0.510710759,0.365419386,0.377088861,0.424808832,0.34310044,0.303582855,0.133954766,0.088412012,2.07667751,0.009110388,0.006593652,0.005332285,0.003051329,0.009069561,0.008775868,0.1,1.34,0.011659069
21d,4.81187768,3.574139556,2.800115154,0.510710759,0.365419386,0.377088861,0.424808832,0.34310044,0.303582855,0.133954766,0.088412012,2.07667751,0.009110388,0.006593652,0.005332285,0.003051329,0.009069561,0.008775868,0.1,2.2,0.011663044
22d,2.826757974,2.018959359,4.883861531,2.793641512,0.140954737,0.393679109,0.364652444,0.207719769,0.216759965,0.44004274,0.08861758,2.346191556,0.00541834,0.000421849,0.007321824,0.006523918,0.009350513,0.007253773,0.35,1.24,0.040811498
22d,2.826757974,2.018959359,4.883861531,2.793641512,0.140954737,0.393679109,0.364652444,0.207719769,0.216759965,0.44004274,0.08861758,2.346191556,0.00541834,0.000421849,0.007321824,0.006523918,0.009350513,0.007253773,0.32,1.44,0.037325879
22d,2.826757974,2.018959359,4.883861531,2.793641512,0.140954737,0.393679109,0.364652444,0.207719769,0.216759965,0.44004274,0.08861758,2.346191556,0.00541834,0.000421849,0.007321824,0.006523918,0.009350513,0.007253773,0.41,1,0.047828431
23d,3.404623932,1.025330485,4.097410353,0.772679099,0.388663019,0.105749928,0.308162518,0.296049442,0.095241003,0.478738628,0.063006855,2.193613278,0.000481174,0.003868206,0.006902386,0.000383136,0.009680778,0.003464374,7.47,14.76,0.868440536
23d,3.404623932,1.025330485,4.097410353,0.772679099,0.388663019,0.105749928,0.308162518,0.296049442,0.095241003,0.478738628,0.063006855,2.193613278,0.000481174,0.003868206,0.006902386,0.000383136,0.009680778,0.003464374,7.65,15.92,0.888877783
23d,3.404623932,1.025330485,4.097410353,0.772679099,0.388663019,0.105749928,0.308162518,0.296049442,0.095241003,0.478738628,0.063006855,2.193613278,0.000481174,0.003868206,0.006902386,0.000383136,0.009680778,0.003464374,7.73,15.94,0.898619009
24d,2.16122183,3.549118602,0.874122606,3.989329399,0.088675613,0.086883163,0.399499399,0.380027315,0.305305185,0.027192224,0.0295254,2.400562369,0.001525481,0.00442197,0.008406893,0.003882997,0.008297639,0.00960521,4.98,20.32,0.578111241
24d,2.16122183,3.549118602,0.874122606,3.989329399,0.088675613,0.086883163,0.399499399,0.380027315,0.305305185,0.027192224,0.0295254,2.400562369,0.001525481,0.00442197,0.008406893,0.003882997,0.008297639,0.00960521,0,20.24,0.581957573
24d,2.16122183,3.549118602,0.874122606,3.989329399,0.088675613,0.086883163,0.399499399,0.380027315,0.305305185,0.027192224,0.0295254,2.400562369,0.001525481,0.00442197,0.008406893,0.003882997,0.008297639,0.00960521,4.87,19.46,0.565722224
25d,1.419466269,1.370946189,0.462343213,0.502007632,0.002062826,0.011005483,0.004520667,0.004912549,0.001853797,0.00158774,8.49E-05,0.005430266,0.000102305,0.000107168,9.04E-05,9.03E-05,9.63E-05,9.73E-05,9.22,17.52,1.070953433
25d,1.419466269,1.370946189,0.462343213,0.502007632,0.002062826,0.011005483,0.004520667,0.004912549,0.001853797,0.00158774,8.49E-05,0.005430266,0.000102305,0.000107168,9.04E-05,9.03E-05,9.63E-05,9.73E-05,9.24,17.96,1.073354889
25d,1.419466269,1.370946189,0.462343213,0.502007632,0.002062826,0.011005483,0.004520667,0.004912549,0.001853797,0.00158774,8.49E-05,0.005430266,0.000102305,0.000107168,9.04E-05,9.03E-05,9.63E-05,9.73E-05,9.29,18.26,1.079011086
