,KH2PO4,NH4Cl,KCl,MgSO4*7H2O,ZnSO4·7H2O,H3BO3,MnCl2·4H2O,FeSO4·7H2O,CoCl2·6H2O,CuSO4·5H20,Na2MoO4·2H2O,Na4EDTA,biotin,pyridoxine,thiamine,riboflavin,para-aminobenzoic acid,nicotinic acid,Malate Titer (g/L),DCW (g/L)
0a,3.980769808,2.726696193,3.101909292,3.564819528,0.342064911,0.266441968,0.266024627,0.148381321,0.168818995,0.217547171,0.049862861,2.022301725,1.3609e-05,0.00296187,0.003922676,0.029025726,0.004537781,0.002338191,2.38,2.02
0a,3.980769808,2.726696193,3.101909292,3.564819528,0.342064911,0.266441968,0.266024627,0.148381321,0.168818995,0.217547171,0.049862861,2.022301725,1.3609e-05,0.00296187,0.003922676,0.029025726,0.004537781,0.002338191,2.43,1.52
0a,3.980769808,2.726696193,3.101909292,3.564819528,0.342064911,0.266441968,0.266024627,0.148381321,0.168818995,0.217547171,0.049862861,2.022301725,1.3609e-05,0.00296187,0.003922676,0.029025726,0.004537781,0.002338191,2.49,2.8
1a,0.463416098,1.202824404,3.487949046,2.090830242,0.002132968,0.641487279,0.364211992,0.470553044,0.419028417,0.00125987,0.063477923,1.973034061,0.000502892,0.000811841,0.003437535,2.6061e-05,0.007166934,0.00717501,0.07,0.0
1a,0.463416098,1.202824404,3.487949046,2.090830242,0.002132968,0.641487279,0.364211992,0.470553044,0.419028417,0.00125987,0.063477923,1.973034061,0.000502892,0.000811841,0.003437535,2.6061e-05,0.007166934,0.00717501,0.07,0.82
1a,0.463416098,1.202824404,3.487949046,2.090830242,0.002132968,0.641487279,0.364211992,0.470553044,0.419028417,0.00125987,0.063477923,1.973034061,0.000502892,0.000811841,0.003437535,2.6061e-05,0.007166934,0.00717501,0.05,0.7
2a,3.037440239,1.831617082,2.666755472,4.031676018,0.07520835,1.050843092,0.109357373,0.031849295,0.487002963,0.073458061,0.005607491,5.5591e-05,0.005642388,0.007673425,0.003548655,0.01028756,0.002307814,0.006369783,0.0,0.54
2a,3.037440239,1.831617082,2.666755472,4.031676018,0.07520835,1.050843092,0.109357373,0.031849295,0.487002963,0.073458061,0.005607491,5.5591e-05,0.005642388,0.007673425,0.003548655,0.01028756,0.002307814,0.006369783,0.0,0.54
2a,3.037440239,1.831617082,2.666755472,4.031676018,0.07520835,1.050843092,0.109357373,0.031849295,0.487002963,0.073458061,0.005607491,5.5591e-05,0.005642388,0.007673425,0.003548655,0.01028756,0.002307814,0.006369783,0.0,0.8
3a,0.328778076,2.887089098,4.093005438,0.452409288,0.318256337,0.006774342,0.345718801,0.42328744,0.35981905,0.026141511,0.011016346,0.539793834,0.004528611,0.007755465,0.00051942,0.003431337,0.007448333,5.6228e-05,0.0,0.88
3a,0.328778076,2.887089098,4.093005438,0.452409288,0.318256337,0.006774342,0.345718801,0.42328744,0.35981905,0.026141511,0.011016346,0.539793834,0.004528611,0.007755465,0.00051942,0.003431337,0.007448333,5.6228e-05,0.0,0.9
3a,0.328778076,2.887089098,4.093005438,0.452409288,0.318256337,0.006774342,0.345718801,0.42328744,0.35981905,0.026141511,0.011016346,0.539793834,0.004528611,0.007755465,0.00051942,0.003431337,0.007448333,5.6228e-05,0.0,1.28
4a,2.18655302,0.552483613,2.326633851,0.359860192,0.084220173,0.610880341,0.249165935,0.092424463,0.26579373,0.044816621,0.061167824,1.103157449,8.9447e-05,4.2614e-05,0.004888348,0.060947913,0.0025072,0.008123587,0.0,0.4
4a,2.18655302,0.552483613,2.326633851,0.359860192,0.084220173,0.610880341,0.249165935,0.092424463,0.26579373,0.044816621,0.061167824,1.103157449,8.9447e-05,4.2614e-05,0.004888348,0.060947913,0.0025072,0.008123587,0.0,0.68
4a,2.18655302,0.552483613,2.326633851,0.359860192,0.084220173,0.610880341,0.249165935,0.092424463,0.26579373,0.044816621,0.061167824,1.103157449,8.9447e-05,4.2614e-05,0.004888348,0.060947913,0.0025072,0.008123587,0.0,0.66
5a,3.07921698,0.632410116,1.848732389,0.454423894,0.289011852,0.138404485,0.076870586,0.091738194,0.133446705,0.070087061,5.9988e-05,1.72076832,2.9389e-05,0.000617353,0.006846796,0.026239094,0.00054128,0.002549601,0.0,0.78
5a,3.07921698,0.632410116,1.848732389,0.454423894,0.289011852,0.138404485,0.076870586,0.091738194,0.133446705,0.070087061,5.9988e-05,1.72076832,2.9389e-05,0.000617353,0.006846796,0.026239094,0.00054128,0.002549601,0.0,0.68
5a,3.07921698,0.632410116,1.848732389,0.454423894,0.289011852,0.138404485,0.076870586,0.091738194,0.133446705,0.070087061,5.9988e-05,1.72076832,2.9389e-05,0.000617353,0.006846796,0.026239094,0.00054128,0.002549601,0.0,0.8
6a,3.642639481,1.445945622,2.958515706,0.289306699,0.490811542,0.388578121,0.003084636,0.443965282,0.30093038,0.098254421,5.8685e-05,0.648419782,0.000596115,0.009410744,0.002352745,0.01080672,0.000438911,0.006652118,1.77,2.96
6a,3.642639481,1.445945622,2.958515706,0.289306699,0.490811542,0.388578121,0.003084636,0.443965282,0.30093038,0.098254421,5.8685e-05,0.648419782,0.000596115,0.009410744,0.002352745,0.01080672,0.000438911,0.006652118,1.9,3.32
6a,3.642639481,1.445945622,2.958515706,0.289306699,0.490811542,0.388578121,0.003084636,0.443965282,0.30093038,0.098254421,5.8685e-05,0.648419782,0.000596115,0.009410744,0.002352745,0.01080672,0.000438911,0.006652118,2.04,3.52
7a,1.002513976,0.966586092,3.355879993,1.272428648,0.001612425,0.002124458,0.000939048,0.057200287,0.278192115,0.27485306,0.055572943,0.037693639,0.004286044,0.005119826,0.00338259,0.024757942,0.001672198,0.001275338,0.0,0.82
7a,1.002513976,0.966586092,3.355879993,1.272428648,0.001612425,0.002124458,0.000939048,0.057200287,0.278192115,0.27485306,0.055572943,0.037693639,0.004286044,0.005119826,0.00338259,0.024757942,0.001672198,0.001275338,0.0,0.64
7a,1.002513976,0.966586092,3.355879993,1.272428648,0.001612425,0.002124458,0.000939048,0.057200287,0.278192115,0.27485306,0.055572943,0.037693639,0.004286044,0.005119826,0.00338259,0.024757942,0.001672198,0.001275338,0.0,0.84
8a,0.533768375,3.572263922,0.082742057,1.083212234,0.071259486,0.40419963,0.105586655,0.004907968,0.199014218,0.100071472,0.028084146,1.537073033,0.002481696,3.1199e-05,0.005917323,0.032521526,2.4395e-05,3.5882e-05,0.0,0.66
8a,0.533768375,3.572263922,0.082742057,1.083212234,0.071259486,0.40419963,0.105586655,0.004907968,0.199014218,0.100071472,0.028084146,1.537073033,0.002481696,3.1199e-05,0.005917323,0.032521526,2.4395e-05,3.5882e-05,0.0,0.56
8a,0.533768375,3.572263922,0.082742057,1.083212234,0.071259486,0.40419963,0.105586655,0.004907968,0.199014218,0.100071472,0.028084146,1.537073033,0.002481696,3.1199e-05,0.005917323,0.032521526,2.4395e-05,3.5882e-05,0.0,0.4
9a,1.101700002,0.886471403,2.154484529,2.50747735,0.396571431,0.003949755,0.143459066,0.25531122,0.334578158,0.302425384,0.067795762,0.000980879,0.007403306,0.003257218,6.9561e-05,0.048661704,0.003013283,0.002683733,0.0,1.58
9a,1.101700002,0.886471403,2.154484529,2.50747735,0.396571431,0.003949755,0.143459066,0.25531122,0.334578158,0.302425384,0.067795762,0.000980879,0.007403306,0.003257218,6.9561e-05,0.048661704,0.003013283,0.002683733,0.0,2.22
9a,1.101700002,0.886471403,2.154484529,2.50747735,0.396571431,0.003949755,0.143459066,0.25531122,0.334578158,0.302425384,0.067795762,0.000980879,0.007403306,0.003257218,6.9561e-05,0.048661704,0.003013283,0.002683733,0.0,2.14
10a,4.195183741,0.601431632,0.316556012,3.220089365,0.40726256,0.855997624,0.121266629,0.269250723,0.000785414,0.000417378,0.037564887,1.760442857,0.003500293,8.2556e-05,0.008178772,0.042028519,0.007969347,0.005177178,0.0,0.5
10a,4.195183741,0.601431632,0.316556012,3.220089365,0.40726256,0.855997624,0.121266629,0.269250723,0.000785414,0.000417378,0.037564887,1.760442857,0.003500293,8.2556e-05,0.008178772,0.042028519,0.007969347,0.005177178,0.0,0.42
10a,4.195183741,0.601431632,0.316556012,3.220089365,0.40726256,0.855997624,0.121266629,0.269250723,0.000785414,0.000417378,0.037564887,1.760442857,0.003500293,8.2556e-05,0.008178772,0.042028519,0.007969347,0.005177178,0.0,0.66
11a,1.69070236,4.033517849,3.141885277,3.871040071,0.243031819,0.007219498,0.195302882,0.3155987,0.399203368,0.092889656,7.609e-06,1.626207856,0.001835642,0.002247283,0.006439343,0.034161532,0.007867836,0.000584579,0.21,1.32
11a,1.69070236,4.033517849,3.141885277,3.871040071,0.243031819,0.007219498,0.195302882,0.3155987,0.399203368,0.092889656,7.609e-06,1.626207856,0.001835642,0.002247283,0.006439343,0.034161532,0.007867836,0.000584579,0.29,1.38
11a,1.69070236,4.033517849,3.141885277,3.871040071,0.243031819,0.007219498,0.195302882,0.3155987,0.399203368,0.092889656,7.609e-06,1.626207856,0.001835642,0.002247283,0.006439343,0.034161532,0.007867836,0.000584579,0.22,1.48
12a,2.707058346,1.288341601,0.303208412,0.219642232,0.008556321,0.584745275,0.04094902,0.240257706,0.000473413,0.28191257,1.0878e-05,0.068424655,0.007684536,0.003459556,0.006345028,0.047555452,0.004958712,0.003330176,0.0,0.88
12a,2.707058346,1.288341601,0.303208412,0.219642232,0.008556321,0.584745275,0.04094902,0.240257706,0.000473413,0.28191257,1.0878e-05,0.068424655,0.007684536,0.003459556,0.006345028,0.047555452,0.004958712,0.003330176,0.0,1.06
12a,2.707058346,1.288341601,0.303208412,0.219642232,0.008556321,0.584745275,0.04094902,0.240257706,0.000473413,0.28191257,1.0878e-05,0.068424655,0.007684536,0.003459556,0.006345028,0.047555452,0.004958712,0.003330176,0.0,1.1
13a,0.803995285,0.532055152,4.199946697,3.360972722,0.38303685,0.24824867,0.401971936,0.391083235,0.145094121,0.375902065,0.012128059,0.422489646,0.006882871,0.004446538,0.005562338,0.020847135,0.002656449,0.000818344,0.0,0.82
13a,0.803995285,0.532055152,4.199946697,3.360972722,0.38303685,0.24824867,0.401971936,0.391083235,0.145094121,0.375902065,0.012128059,0.422489646,0.006882871,0.004446538,0.005562338,0.020847135,0.002656449,0.000818344,0.0,1.66
13a,0.803995285,0.532055152,4.199946697,3.360972722,0.38303685,0.24824867,0.401971936,0.391083235,0.145094121,0.375902065,0.012128059,0.422489646,0.006882871,0.004446538,0.005562338,0.020847135,0.002656449,0.000818344,0.0,1.56
14a,3.377552428,3.017928776,3.869862546,3.536498321,0.265148243,0.637645349,0.365462282,0.411832679,0.15178192,0.168240211,0.031569513,0.598526975,0.002404358,0.007372448,0.007273044,0.057761964,0.002209008,0.001245165,0.0,1.36
14a,3.377552428,3.017928776,3.869862546,3.536498321,0.265148243,0.637645349,0.365462282,0.411832679,0.15178192,0.168240211,0.031569513,0.598526975,0.002404358,0.007372448,0.007273044,0.057761964,0.002209008,0.001245165,0.0,1.98
14a,3.377552428,3.017928776,3.869862546,3.536498321,0.265148243,0.637645349,0.365462282,0.411832679,0.15178192,0.168240211,0.031569513,0.598526975,0.002404358,0.007372448,0.007273044,0.057761964,0.002209008,0.001245165,0.0,1.66
15a,3.827400007,1.660806259,1.415696958,2.531470457,0.442305385,0.009580728,0.153128116,0.457363022,0.000197011,0.416607041,3.9184e-05,1.22523291,0.001857225,1.3753e-05,8.52e-05,9.468e-06,0.004006835,0.005564127,0.0,1.38
15a,3.827400007,1.660806259,1.415696958,2.531470457,0.442305385,0.009580728,0.153128116,0.457363022,0.000197011,0.416607041,3.9184e-05,1.22523291,0.001857225,1.3753e-05,8.52e-05,9.468e-06,0.004006835,0.005564127,0.0,1.9
15a,3.827400007,1.660806259,1.415696958,2.531470457,0.442305385,0.009580728,0.153128116,0.457363022,0.000197011,0.416607041,3.9184e-05,1.22523291,0.001857225,1.3753e-05,8.52e-05,9.468e-06,0.004006835,0.005564127,0.0,1.6
16a,0.77481715,2.691857922,0.124028677,2.758072986,0.197427738,0.505421103,0.188287943,0.041730002,0.005555885,0.220457877,0.046169251,1.787436054,0.006336033,0.004029109,0.007491587,0.035421865,0.001624896,0.001788573,0.0,0.56
16a,0.77481715,2.691857922,0.124028677,2.758072986,0.197427738,0.505421103,0.188287943,0.041730002,0.005555885,0.220457877,0.046169251,1.787436054,0.006336033,0.004029109,0.007491587,0.035421865,0.001624896,0.001788573,0.0,0.74
16a,0.77481715,2.691857922,0.124028677,2.758072986,0.197427738,0.505421103,0.188287943,0.041730002,0.005555885,0.220457877,0.046169251,1.787436054,0.006336033,0.004029109,0.007491587,0.035421865,0.001624896,0.001788573,0.0,0.64
17a,2.115054251,1.740912548,0.548617598,3.350519638,0.232480363,0.565617284,0.383747484,0.425551952,0.063294155,0.059265576,0.049456385,1.171373309,0.008372987,0.002145386,0.003686042,0.030484458,0.008471461,0.00706687,0.0,7.18
17a,2.115054251,1.740912548,0.548617598,3.350519638,0.232480363,0.565617284,0.383747484,0.425551952,0.063294155,0.059265576,0.049456385,1.171373309,0.008372987,0.002145386,0.003686042,0.030484458,0.008471461,0.00706687,0.0,1.66
17a,2.115054251,1.740912548,0.548617598,3.350519638,0.232480363,0.565617284,0.383747484,0.425551952,0.063294155,0.059265576,0.049456385,1.171373309,0.008372987,0.002145386,0.003686042,0.030484458,0.008471461,0.00706687,0.0,1.18
18a,0.481555708,4.086223523,0.256026346,0.689894655,0.15510186,0.664190548,0.085023091,0.000425939,0.421427573,0.005430874,0.079823742,0.218290844,0.004995229,0.007811105,0.006097981,0.02146646,0.005371387,0.003571774,0.0,0.52
18a,0.481555708,4.086223523,0.256026346,0.689894655,0.15510186,0.664190548,0.085023091,0.000425939,0.421427573,0.005430874,0.079823742,0.218290844,0.004995229,0.007811105,0.006097981,0.02146646,0.005371387,0.003571774,0.0,0.32
18a,0.481555708,4.086223523,0.256026346,0.689894655,0.15510186,0.664190548,0.085023091,0.000425939,0.421427573,0.005430874,0.079823742,0.218290844,0.004995229,0.007811105,0.006097981,0.02146646,0.005371387,0.003571774,0.0,0.44
19a,1.827199629,0.603788741,1.255891288,2.420110875,0.388020786,0.526980517,0.056734715,0.324601343,0.257078432,0.341198641,0.021430792,0.826256402,0.003109476,0.002024025,0.00313033,8.6015e-05,6.1101e-05,4.077e-06,0.04,1.46
19a,1.827199629,0.603788741,1.255891288,2.420110875,0.388020786,0.526980517,0.056734715,0.324601343,0.257078432,0.341198641,0.021430792,0.826256402,0.003109476,0.002024025,0.00313033,8.6015e-05,6.1101e-05,4.077e-06,0.04,2.0
19a,1.827199629,0.603788741,1.255891288,2.420110875,0.388020786,0.526980517,0.056734715,0.324601343,0.257078432,0.341198641,0.021430792,0.826256402,0.003109476,0.002024025,0.00313033,8.6015e-05,6.1101e-05,4.077e-06,0.04,2.2
20a,0.224278081,2.18775843,4.072516779,1.859506039,0.305770523,0.804357289,0.414533148,0.168336143,0.001262131,0.407813151,0.020341666,0.303579704,0.004096461,0.007678304,0.007959068,0.058180653,0.004754744,0.004337006,0.0,1.22
20a,0.224278081,2.18775843,4.072516779,1.859506039,0.305770523,0.804357289,0.414533148,0.168336143,0.001262131,0.407813151,0.020341666,0.303579704,0.004096461,0.007678304,0.007959068,0.058180653,0.004754744,0.004337006,0.0,1.42
20a,0.224278081,2.18775843,4.072516779,1.859506039,0.305770523,0.804357289,0.414533148,0.168336143,0.001262131,0.407813151,0.020341666,0.303579704,0.004096461,0.007678304,0.007959068,0.058180653,0.004754744,0.004337006,0.0,1.18
21a,2.252115714,2.451113031,3.299582281,4.583264286,0.440933048,0.344292483,0.249393292,0.001439338,0.001344961,0.132019945,0.088370019,1.587639997,0.004377065,0.000430104,0.002973606,0.020971544,0.001033008,0.00490903,0.0,0.44
21a,2.252115714,2.451113031,3.299582281,4.583264286,0.440933048,0.344292483,0.249393292,0.001439338,0.001344961,0.132019945,0.088370019,1.587639997,0.004377065,0.000430104,0.002973606,0.020971544,0.001033008,0.00490903,0.0,0.76
21a,2.252115714,2.451113031,3.299582281,4.583264286,0.440933048,0.344292483,0.249393292,0.001439338,0.001344961,0.132019945,0.088370019,1.587639997,0.004377065,0.000430104,0.002973606,0.020971544,0.001033008,0.00490903,0.0,0.88
22a,4.428172661,4.111102507,0.440953793,3.078971159,0.264035213,0.562318262,0.459752006,0.18542921,0.274971487,0.30175847,0.097336162,1.15081277,4.8061e-05,8.2524e-05,0.001783492,0.005572401,0.004561092,0.00217502,0.0,1.0
22a,4.428172661,4.111102507,0.440953793,3.078971159,0.264035213,0.562318262,0.459752006,0.18542921,0.274971487,0.30175847,0.097336162,1.15081277,4.8061e-05,8.2524e-05,0.001783492,0.005572401,0.004561092,0.00217502,0.0,1.44
22a,4.428172661,4.111102507,0.440953793,3.078971159,0.264035213,0.562318262,0.459752006,0.18542921,0.274971487,0.30175847,0.097336162,1.15081277,4.8061e-05,8.2524e-05,0.001783492,0.005572401,0.004561092,0.00217502,0.0,1.52
23a,1.667504183,3.951655488,2.03200504,0.173047496,0.000144749,0.738243181,0.422654206,0.227144693,0.01378733,0.345653203,2.3606e-05,1.468966747,0.005356111,0.005899887,3.4878e-05,0.055245525,0.008178301,0.006175908,0.0,1.14
23a,1.667504183,3.951655488,2.03200504,0.173047496,0.000144749,0.738243181,0.422654206,0.227144693,0.01378733,0.345653203,2.3606e-05,1.468966747,0.005356111,0.005899887,3.4878e-05,0.055245525,0.008178301,0.006175908,0.0,0.88
23a,1.667504183,3.951655488,2.03200504,0.173047496,0.000144749,0.738243181,0.422654206,0.227144693,0.01378733,0.345653203,2.3606e-05,1.468966747,0.005356111,0.005899887,3.4878e-05,0.055245525,0.008178301,0.006175908,0.0,0.92
24a,4.72403723,1.249026676,2.252033808,3.586507588,0.332877651,0.030840742,0.156537098,0.339472169,0.112268308,0.269445109,0.031144582,0.186250069,0.009306248,0.008275578,3.496e-06,0.018430361,0.000178043,0.004672653,0.0,1.18
24a,4.72403723,1.249026676,2.252033808,3.586507588,0.332877651,0.030840742,0.156537098,0.339472169,0.112268308,0.269445109,0.031144582,0.186250069,0.009306248,0.008275578,3.496e-06,0.018430361,0.000178043,0.004672653,0.04,1.92
24a,4.72403723,1.249026676,2.252033808,3.586507588,0.332877651,0.030840742,0.156537098,0.339472169,0.112268308,0.269445109,0.031144582,0.186250069,0.009306248,0.008275578,3.496e-06,0.018430361,0.000178043,0.004672653,0.14,1.94
25a,1.5,1.43,0.5,0.5,0.00225,0.011,0.005,0.005,0.0017,0.0016,8.5e-05,0.005,0.0001,0.0001,0.0001,0.0001,0.0001,0.0001,10.54,13.78
25a,1.5,1.43,0.5,0.5,0.00225,0.011,0.005,0.005,0.0017,0.0016,8.5e-05,0.005,0.0001,0.0001,0.0001,0.0001,0.0001,0.0001,10.92,12.94
25a,1.5,1.43,0.5,0.5,0.00225,0.011,0.005,0.005,0.0017,0.0016,8.5e-05,0.005,0.0001,0.0001,0.0001,0.0001,0.0001,0.0001,10.63,17.236
0b,4.087561812,2.1315185,2.837719599,2.355411948,0.425586097,1.040215475,0.005710531,0.002431909,0.134524409,0.388365606,0.077741431,2.260173263,0.007791344,0.000308245,0.004017413,0.001243891,7.3616e-05,8.0863e-05,0.0,0.8
0b,4.087561812,2.1315185,2.837719599,2.355411948,0.425586097,1.040215475,0.005710531,0.002431909,0.134524409,0.388365606,0.077741431,2.260173263,0.007791344,0.000308245,0.004017413,0.001243891,7.3616e-05,8.0863e-05,0.0,0.7
0b,4.087561812,2.1315185,2.837719599,2.355411948,0.425586097,1.040215475,0.005710531,0.002431909,0.134524409,0.388365606,0.077741431,2.260173263,0.007791344,0.000308245,0.004017413,0.001243891,7.3616e-05,8.0863e-05,0.0,0.5
1b,2.786426464,4.237225353,0.77082334,1.491823324,0.169504443,0.109428456,0.201263147,0.23544025,0.000942893,0.000389611,0.043092112,1.937865143,0.00079179,0.00203517,0.007110168,0.063147816,0.005518514,0.002184682,3.0,3.0
1b,2.786426464,4.237225353,0.77082334,1.491823324,0.169504443,0.109428456,0.201263147,0.23544025,0.000942893,0.000389611,0.043092112,1.937865143,0.00079179,0.00203517,0.007110168,0.063147816,0.005518514,0.002184682,4.0,4.5
1b,2.786426464,4.237225353,0.77082334,1.491823324,0.169504443,0.109428456,0.201263147,0.23544025,0.000942893,0.000389611,0.043092112,1.937865143,0.00079179,0.00203517,0.007110168,0.063147816,0.005518514,0.002184682,3.9,4.2
2b,2.694586198,1.935401548,3.386307086,1.902572206,0.060754608,0.902309174,0.068073341,0.080834578,0.166143683,0.001436442,0.008608374,1.535970262,0.00829231,0.005145715,0.009271068,0.013445026,0.005993584,2.0147e-05,0.0,0.2
2b,2.694586198,1.935401548,3.386307086,1.902572206,0.060754608,0.902309174,0.068073341,0.080834578,0.166143683,0.001436442,0.008608374,1.535970262,0.00829231,0.005145715,0.009271068,0.013445026,0.005993584,2.0147e-05,0.0,0.0
2b,2.694586198,1.935401548,3.386307086,1.902572206,0.060754608,0.902309174,0.068073341,0.080834578,0.166143683,0.001436442,0.008608374,1.535970262,0.00829231,0.005145715,0.009271068,0.013445026,0.005993584,2.0147e-05,0.0,0.7
3b,2.493256465,3.169519745,1.270231913,0.853978922,0.000756107,0.06832793,0.257755021,0.219209627,0.073848153,0.18560457,0.016113214,0.10656146,0.005429698,0.004649293,0.005113794,0.051399228,0.005672851,0.004498596,0.0,0.7
3b,2.493256465,3.169519745,1.270231913,0.853978922,0.000756107,0.06832793,0.257755021,0.219209627,0.073848153,0.18560457,0.016113214,0.10656146,0.005429698,0.004649293,0.005113794,0.051399228,0.005672851,0.004498596,0.0,1.1
3b,2.493256465,3.169519745,1.270231913,0.853978922,0.000756107,0.06832793,0.257755021,0.219209627,0.073848153,0.18560457,0.016113214,0.10656146,0.005429698,0.004649293,0.005113794,0.051399228,0.005672851,0.004498596,0.0,1.5
4b,1.261193963,1.986857139,1.630510234,4.233476606,0.014086347,0.423404916,0.282928053,0.344481211,0.179411447,0.03134641,0.002042137,0.938592574,0.006811384,0.004930645,0.000678019,0.040954748,0.004342015,0.007918312,5.6,8.1
4b,1.261193963,1.986857139,1.630510234,4.233476606,0.014086347,0.423404916,0.282928053,0.344481211,0.179411447,0.03134641,0.002042137,0.938592574,0.006811384,0.004930645,0.000678019,0.040954748,0.004342015,0.007918312,7.1,9.5
4b,1.261193963,1.986857139,1.630510234,4.233476606,0.014086347,0.423404916,0.282928053,0.344481211,0.179411447,0.03134641,0.002042137,0.938592574,0.006811384,0.004930645,0.000678019,0.040954748,0.004342015,0.007918312,6.9,10.0
5b,3.390381602,1.329714498,4.80424448,0.622828316,0.151476391,0.048409575,0.321441432,0.144880703,0.000463822,0.450345249,0.038273757,2.409318745,0.008392447,0.007099733,0.006288857,0.023669105,0.007584034,0.008523657,8.3,12.0
5b,3.390381602,1.329714498,4.80424448,0.622828316,0.151476391,0.048409575,0.321441432,0.144880703,0.000463822,0.450345249,0.038273757,2.409318745,0.008392447,0.007099733,0.006288857,0.023669105,0.007584034,0.008523657,9.4,14.5
5b,3.390381602,1.329714498,4.80424448,0.622828316,0.151476391,0.048409575,0.321441432,0.144880703,0.000463822,0.450345249,0.038273757,2.409318745,0.008392447,0.007099733,0.006288857,0.023669105,0.007584034,0.008523657,9.6,14.2
6b,2.415477257,2.88131322,0.508384293,3.144527712,0.145160091,0.851780048,0.01873366,0.190221723,0.041165686,0.201087779,6.3446e-05,1.436079627,0.001144451,0.004589622,0.001815795,0.053692683,0.000766341,0.003636811,0.0,0.8
6b,2.415477257,2.88131322,0.508384293,3.144527712,0.145160091,0.851780048,0.01873366,0.190221723,0.041165686,0.201087779,6.3446e-05,1.436079627,0.001144451,0.004589622,0.001815795,0.053692683,0.000766341,0.003636811,0.0,0.5
6b,2.415477257,2.88131322,0.508384293,3.144527712,0.145160091,0.851780048,0.01873366,0.190221723,0.041165686,0.201087779,6.3446e-05,1.436079627,0.001144451,0.004589622,0.001815795,0.053692683,0.000766341,0.003636811,0.0,0.5
7b,0.878782749,2.91621742,1.428195985,1.528326193,0.028737753,0.00503695,0.169341668,0.304211086,0.102105869,0.000190567,0.073604429,1.879549174,0.004794851,0.005724915,0.004031398,0.037900298,0.003084635,5.4594e-05,5.5,5.8
7b,0.878782749,2.91621742,1.428195985,1.528326193,0.028737753,0.00503695,0.169341668,0.304211086,0.102105869,0.000190567,0.073604429,1.879549174,0.004794851,0.005724915,0.004031398,0.037900298,0.003084635,5.4594e-05,6.3,7.0
7b,0.878782749,2.91621742,1.428195985,1.528326193,0.028737753,0.00503695,0.169341668,0.304211086,0.102105869,0.000190567,0.073604429,1.879549174,0.004794851,0.005724915,0.004031398,0.037900298,0.003084635,5.4594e-05,6.2,7.3
8b,0.764885236,3.881331715,3.990435139,1.590528178,0.156698769,0.464343686,0.002425358,0.410122117,0.036425438,0.146320694,0.048072245,0.882444067,9.133e-06,0.006254266,0.007826972,6.7258e-05,3.9229e-05,0.007468962,0.0,0.8
8b,0.764885236,3.881331715,3.990435139,1.590528178,0.156698769,0.464343686,0.002425358,0.410122117,0.036425438,0.146320694,0.048072245,0.882444067,9.133e-06,0.006254266,0.007826972,6.7258e-05,3.9229e-05,0.007468962,0.0,1.0
8b,0.764885236,3.881331715,3.990435139,1.590528178,0.156698769,0.464343686,0.002425358,0.410122117,0.036425438,0.146320694,0.048072245,0.882444067,9.133e-06,0.006254266,0.007826972,6.7258e-05,3.9229e-05,0.007468962,0.0,1.1
9b,0.941649247,3.82160697,2.731819806,0.886645474,0.180151796,0.815172604,0.173452533,0.002699361,0.374671059,0.143441947,0.059238389,0.881908064,6.247e-05,0.002538498,0.002080955,0.045875414,0.001238416,0.00482224,0.0,0.6
9b,0.941649247,3.82160697,2.731819806,0.886645474,0.180151796,0.815172604,0.173452533,0.002699361,0.374671059,0.143441947,0.059238389,0.881908064,6.247e-05,0.002538498,0.002080955,0.045875414,0.001238416,0.00482224,0.0,0.3
9b,0.941649247,3.82160697,2.731819806,0.886645474,0.180151796,0.815172604,0.173452533,0.002699361,0.374671059,0.143441947,0.059238389,0.881908064,6.247e-05,0.002538498,0.002080955,0.045875414,0.001238416,0.00482224,0.0,0.5
10b,3.569794079,0.77674774,3.685059392,3.776892913,0.218171151,0.173088847,0.222995529,0.118005583,0.211381814,0.357670199,0.08444214,0.294852573,0.00574096,0.008237954,0.004530017,0.053174112,0.007375686,0.008480746,0.0,1.2
10b,3.569794079,0.77674774,3.685059392,3.776892913,0.218171151,0.173088847,0.222995529,0.118005583,0.211381814,0.357670199,0.08444214,0.294852573,0.00574096,0.008237954,0.004530017,0.053174112,0.007375686,0.008480746,0.0,1.5
10b,3.569794079,0.77674774,3.685059392,3.776892913,0.218171151,0.173088847,0.222995529,0.118005583,0.211381814,0.357670199,0.08444214,0.294852573,0.00574096,0.008237954,0.004530017,0.053174112,0.007375686,0.008480746,0.0,1.1
11b,4.506752818,0.821058518,1.989567051,2.834584217,0.239586278,1.084730598,0.177790589,0.088116337,0.398971462,0.017844909,0.074524716,1.411107966,0.007672927,0.001744613,0.00011915,8.0645e-05,0.008423793,0.001702971,0.0,0.9
11b,4.506752818,0.821058518,1.989567051,2.834584217,0.239586278,1.084730598,0.177790589,0.088116337,0.398971462,0.017844909,0.074524716,1.411107966,0.007672927,0.001744613,0.00011915,8.0645e-05,0.008423793,0.001702971,0.0,0.7
11b,4.506752818,0.821058518,1.989567051,2.834584217,0.239586278,1.084730598,0.177790589,0.088116337,0.398971462,0.017844909,0.074524716,1.411107966,0.007672927,0.001744613,0.00011915,8.0645e-05,0.008423793,0.001702971,0.0,0.5
12b,4.158143824,3.721470828,1.515161869,0.091348738,0.353941362,0.19711045,0.375400765,0.003102232,0.08355596,0.394777608,0.000585369,1.263610154,0.007972208,0.001072265,1.5431e-05,0.022760156,0.003705927,0.008175341,8.4,12.5
12b,4.158143824,3.721470828,1.515161869,0.091348738,0.353941362,0.19711045,0.375400765,0.003102232,0.08355596,0.394777608,0.000585369,1.263610154,0.007972208,0.001072265,1.5431e-05,0.022760156,0.003705927,0.008175341,8.8,13.0
12b,4.158143824,3.721470828,1.515161869,0.091348738,0.353941362,0.19711045,0.375400765,0.003102232,0.08355596,0.394777608,0.000585369,1.263610154,0.007972208,0.001072265,1.5431e-05,0.022760156,0.003705927,0.008175341,8.3,13.4
13b,2.1111993,1.716169502,0.985340666,3.171954866,0.295874715,0.73493398,0.004423422,0.240875402,0.450310384,0.186065963,0.081577543,2.46013697,0.002584169,0.009842456,5.3339e-05,0.01402681,1.4477e-05,0.003354836,0.0,0.6
13b,2.1111993,1.716169502,0.985340666,3.171954866,0.295874715,0.73493398,0.004423422,0.240875402,0.450310384,0.186065963,0.081577543,2.46013697,0.002584169,0.009842456,5.3339e-05,0.01402681,1.4477e-05,0.003354836,0.0,0.8
13b,2.1111993,1.716169502,0.985340666,3.171954866,0.295874715,0.73493398,0.004423422,0.240875402,0.450310384,0.186065963,0.081577543,2.46013697,0.002584169,0.009842456,5.3339e-05,0.01402681,1.4477e-05,0.003354836,0.0,0.8
14b,1.201057935,0.922068997,3.948703109,4.177577071,0.00086421,0.706327311,0.324190049,0.108308018,0.394231392,0.402585318,0.024194131,0.813646779,0.003130129,0.002788368,0.005682554,0.027990872,0.00765726,0.005969473,0.0,0.6
14b,1.201057935,0.922068997,3.948703109,4.177577071,0.00086421,0.706327311,0.324190049,0.108308018,0.394231392,0.402585318,0.024194131,0.813646779,0.003130129,0.002788368,0.005682554,0.027990872,0.00765726,0.005969473,0.0,0.7
14b,1.201057935,0.922068997,3.948703109,4.177577071,0.00086421,0.706327311,0.324190049,0.108308018,0.394231392,0.402585318,0.024194131,0.813646779,0.003130129,0.002788368,0.005682554,0.027990872,0.00765726,0.005969473,0.0,0.8
15b,0.414972564,2.614146487,4.226121439,3.008910597,0.168666093,0.760515452,0.304695127,0.177616403,0.291564577,0.000822656,0.039097854,1.031784556,0.00095181,4.8839e-05,0.001101502,0.061615057,0.006640731,0.000876508,0.0,0.6
15b,0.414972564,2.614146487,4.226121439,3.008910597,0.168666093,0.760515452,0.304695127,0.177616403,0.291564577,0.000822656,0.039097854,1.031784556,0.00095181,4.8839e-05,0.001101502,0.061615057,0.006640731,0.000876508,0.0,0.7
15b,0.414972564,2.614146487,4.226121439,3.008910597,0.168666093,0.760515452,0.304695127,0.177616403,0.291564577,0.000822656,0.039097854,1.031784556,0.00095181,4.8839e-05,0.001101502,0.061615057,0.006640731,0.000876508,0.0,0.7
16b,3.364285985,2.431909404,0.8968651,2.362941825,0.001213607,0.082220626,4.4751e-05,0.01711786,0.051578512,0.24070071,0.02336057,0.003827081,0.001858653,0.005395634,0.0005821,0.035929705,0.003359517,0.000362273,0.0,0.4
16b,3.364285985,2.431909404,0.8968651,2.362941825,0.001213607,0.082220626,4.4751e-05,0.01711786,0.051578512,0.24070071,0.02336057,0.003827081,0.001858653,0.005395634,0.0005821,0.035929705,0.003359517,0.000362273,0.0,0.5
16b,3.364285985,2.431909404,0.8968651,2.362941825,0.001213607,0.082220626,4.4751e-05,0.01711786,0.051578512,0.24070071,0.02336057,0.003827081,0.001858653,0.005395634,0.0005821,0.035929705,0.003359517,0.000362273,0.0,0.7
17b,1.489337645,0.815738608,0.198613863,2.240312078,0.099947443,0.288970552,0.357411418,0.197482927,0.273914919,0.198596063,0.034472986,1.551383465,0.003327234,2.2304e-05,0.007711434,0.050559292,0.006933478,0.006795155,10.6,11.6
17b,1.489337645,0.815738608,0.198613863,2.240312078,0.099947443,0.288970552,0.357411418,0.197482927,0.273914919,0.198596063,0.034472986,1.551383465,0.003327234,2.2304e-05,0.007711434,0.050559292,0.006933478,0.006795155,10.5,12.5
17b,1.489337645,0.815738608,0.198613863,2.240312078,0.099947443,0.288970552,0.357411418,0.197482927,0.273914919,0.198596063,0.034472986,1.551383465,0.003327234,2.2304e-05,0.007711434,0.050559292,0.006933478,0.006795155,10.6,13.3
18b,0.9789105,2.724771971,3.022033061,1.9746614,0.053243458,0.264896195,0.279953536,0.333764349,0.222559097,0.156349664,0.091315921,0.001639397,0.001562023,0.001096629,0.002826784,0.007783249,9.7105e-05,0.009038822,0.0,1.1
18b,0.9789105,2.724771971,3.022033061,1.9746614,0.053243458,0.264896195,0.279953536,0.333764349,0.222559097,0.156349664,0.091315921,0.001639397,0.001562023,0.001096629,0.002826784,0.007783249,9.7105e-05,0.009038822,0.0,1.1
18b,0.9789105,2.724771971,3.022033061,1.9746614,0.053243458,0.264896195,0.279953536,0.333764349,0.222559097,0.156349664,0.091315921,0.001639397,0.001562023,0.001096629,0.002826784,0.007783249,9.7105e-05,0.009038822,0.0,1.4
19b,2.325279123,3.793890178,0.77642793,4.711501456,0.365886736,0.81802901,0.003992375,0.159531638,0.365587179,0.312360777,0.0857103,0.00329268,0.005296171,0.003648883,0.001200664,4.4295e-05,0.004773424,0.008637357,0.0,1.4
19b,2.325279123,3.793890178,0.77642793,4.711501456,0.365886736,0.81802901,0.003992375,0.159531638,0.365587179,0.312360777,0.0857103,0.00329268,0.005296171,0.003648883,0.001200664,4.4295e-05,0.004773424,0.008637357,0.0,1.6
19b,2.325279123,3.793890178,0.77642793,4.711501456,0.365886736,0.81802901,0.003992375,0.159531638,0.365587179,0.312360777,0.0857103,0.00329268,0.005296171,0.003648883,0.001200664,4.4295e-05,0.004773424,0.008637357,0.0,1.7
20b,4.301794452,0.884484599,1.220180193,4.306578281,0.127024097,0.000536435,0.001741244,0.004758689,0.38211617,0.199514861,0.016551967,0.002208863,0.003362371,0.008397492,6.2951e-05,0.016509017,5.5117e-05,0.007824942,0.0,1.0
20b,4.301794452,0.884484599,1.220180193,4.306578281,0.127024097,0.000536435,0.001741244,0.004758689,0.38211617,0.199514861,0.016551967,0.002208863,0.003362371,0.008397492,6.2951e-05,0.016509017,5.5117e-05,0.007824942,0.0,1.0
20b,4.301794452,0.884484599,1.220180193,4.306578281,0.127024097,0.000536435,0.001741244,0.004758689,0.38211617,0.199514861,0.016551967,0.002208863,0.003362371,0.008397492,6.2951e-05,0.016509017,5.5117e-05,0.007824942,0.0,1.4
21b,1.31493606,3.635178999,3.799660883,0.974680268,0.119712077,0.122638291,0.069198923,0.327598296,0.247870899,0.374097161,0.061845142,0.438358467,8.2361e-05,0.001388896,0.008426056,0.044032442,0.006961863,0.000126023,0.0,0.9
21b,1.31493606,3.635178999,3.799660883,0.974680268,0.119712077,0.122638291,0.069198923,0.327598296,0.247870899,0.374097161,0.061845142,0.438358467,8.2361e-05,0.001388896,0.008426056,0.044032442,0.006961863,0.000126023,0.0,1.7
21b,1.31493606,3.635178999,3.799660883,0.974680268,0.119712077,0.122638291,0.069198923,0.327598296,0.247870899,0.374097161,0.061845142,0.438358467,8.2361e-05,0.001388896,0.008426056,0.044032442,0.006961863,0.000126023,0.0,1.1
22b,1.347706968,3.996181377,1.630601302,0.706079864,0.000596327,0.606550557,0.028847662,0.001809514,0.02869422,0.493001099,0.061974982,0.587548813,0.009697081,0.007275855,0.005054481,0.004734514,0.006863254,0.003541272,0.0,0.4
22b,1.347706968,3.996181377,1.630601302,0.706079864,0.000596327,0.606550557,0.028847662,0.001809514,0.02869422,0.493001099,0.061974982,0.587548813,0.009697081,0.007275855,0.005054481,0.004734514,0.006863254,0.003541272,0.0,0.5
22b,1.347706968,3.996181377,1.630601302,0.706079864,0.000596327,0.606550557,0.028847662,0.001809514,0.02869422,0.493001099,0.061974982,0.587548813,0.009697081,0.007275855,0.005054481,0.004734514,0.006863254,0.003541272,0.0,0.4
23b,2.643430531,2.220472932,2.292272761,0.049649231,0.476769236,0.416825739,0.470173232,0.057686207,0.200606319,0.000899691,0.05126914,0.003833329,0.007094401,0.008029992,0.001679426,3.5304e-05,0.00324925,9.102e-05,0.0,2.1
23b,2.643430531,2.220472932,2.292272761,0.049649231,0.476769236,0.416825739,0.470173232,0.057686207,0.200606319,0.000899691,0.05126914,0.003833329,0.007094401,0.008029992,0.001679426,3.5304e-05,0.00324925,9.102e-05,0.0,2.9
23b,2.643430531,2.220472932,2.292272761,0.049649231,0.476769236,0.416825739,0.470173232,0.057686207,0.200606319,0.000899691,0.05126914,0.003833329,0.007094401,0.008029992,0.001679426,3.5304e-05,0.00324925,9.102e-05,0.0,2.4
24b,3.428819382,1.341367291,3.781297217,1.40767782,0.044357013,0.399549582,0.392033763,0.434811437,0.417773777,0.365131527,0.014513397,0.791130887,6.4374e-05,0.000430104,0.006342162,0.046242807,0.001630483,0.0062203,0.0,1.1
24b,3.428819382,1.341367291,3.781297217,1.40767782,0.044357013,0.399549582,0.392033763,0.434811437,0.417773777,0.365131527,0.014513397,0.791130887,6.4374e-05,0.000430104,0.006342162,0.046242807,0.001630483,0.0062203,0.0,1.1
24b,3.428819382,1.341367291,3.781297217,1.40767782,0.044357013,0.399549582,0.392033763,0.434811437,0.417773777,0.365131527,0.014513397,0.791130887,6.4374e-05,0.000430104,0.006342162,0.046242807,0.001630483,0.0062203,0.0,1.1
25b,1.457623742,1.308321928,0.47393834,0.538452061,0.002376573,0.011334645,0.005346674,0.005443666,0.001841461,0.001629623,8.4166e-05,0.005192773,0.000109699,9.4538e-05,9.2011e-05,0.000108761,0.000101283,0.000105984,13.7,11.7
25b,1.457623742,1.308321928,0.47393834,0.538452061,0.002376573,0.011334645,0.005346674,0.005443666,0.001841461,0.001629623,8.4166e-05,0.005192773,0.000109699,9.4538e-05,9.2011e-05,0.000108761,0.000101283,0.000105984,13.8,13.0
25b,1.457623742,1.308321928,0.47393834,0.538452061,0.002376573,0.011334645,0.005346674,0.005443666,0.001841461,0.001629623,8.4166e-05,0.005192773,0.000109699,9.4538e-05,9.2011e-05,0.000108761,0.000101283,0.000105984,14.0,13.0
0c,0.94775,1.167913,0.180028,0.978002,0.33733,0.135659,0.414452,0.075534,0.203132,0.37559,0.004325,1.986739,0.009158,0.001909,0.001446,0.06381,0.009425,0.008337,7.68,18.0
0c,0.94775,1.167913,0.180028,0.978002,0.33733,0.135659,0.414452,0.075534,0.203132,0.37559,0.004325,1.986739,0.009158,0.001909,0.001446,0.06381,0.009425,0.008337,7.59,17.4
0c,0.94775,1.167913,0.180028,0.978002,0.33733,0.135659,0.414452,0.075534,0.203132,0.37559,0.004325,1.986739,0.009158,0.001909,0.001446,0.06381,0.009425,0.008337,7.64,17.4
1c,0.897217,1.101133,0.103716,0.508811,0.246048,0.042705,0.252029,0.243208,0.243781,0.064238,0.077014,1.672971,0.005974,0.00332,0.005676,0.044762,0.005606,0.005725,9.03,17.1
1c,0.897217,1.101133,0.103716,0.508811,0.246048,0.042705,0.252029,0.243208,0.243781,0.064238,0.077014,1.672971,0.005974,0.00332,0.005676,0.044762,0.005606,0.005725,9.06,16.0
1c,0.897217,1.101133,0.103716,0.508811,0.246048,0.042705,0.252029,0.243208,0.243781,0.064238,0.077014,1.672971,0.005974,0.00332,0.005676,0.044762,0.005606,0.005725,9.02,17.3
2c,0.894846,1.100198,0.104923,0.506559,0.248216,0.132975,0.295962,0.221188,0.263114,0.070177,0.076708,1.67308,0.006048,0.003303,0.005809,0.04381,0.005576,0.005797,9.19,16.4
2c,0.894846,1.100198,0.104923,0.506559,0.248216,0.132975,0.295962,0.221188,0.263114,0.070177,0.076708,1.67308,0.006048,0.003303,0.005809,0.04381,0.005576,0.005797,9.14,16.9
2c,0.894846,1.100198,0.104923,0.506559,0.248216,0.132975,0.295962,0.221188,0.263114,0.070177,0.076708,1.67308,0.006048,0.003303,0.005809,0.04381,0.005576,0.005797,9.06,16.9
3c,0.635128,1.160442,1.036307,0.495889,0.291773,0.121539,0.42809,0.145395,0.250179,0.412893,0.047291,1.395122,0.003902,0.001668,0.005222,0.049524,0.008305,0.006198,0.76,2.3
3c,0.635128,1.160442,1.036307,0.495889,0.291773,0.121539,0.42809,0.145395,0.250179,0.412893,0.047291,1.395122,0.003902,0.001668,0.005222,0.049524,0.008305,0.006198,0.95,2.8
3c,0.635128,1.160442,1.036307,0.495889,0.291773,0.121539,0.42809,0.145395,0.250179,0.412893,0.047291,1.395122,0.003902,0.001668,0.005222,0.049524,0.008305,0.006198,1.26,3.2
4c,1.135975,1.223237,0.954036,0.607179,0.066678,0.062673,0.205135,0.097682,0.153687,0.274961,0.007577,1.779558,0.006516,0.005693,0.005959,0.026943,0.008658,0.006775,8.21,15.9
4c,1.135975,1.223237,0.954036,0.607179,0.066678,0.062673,0.205135,0.097682,0.153687,0.274961,0.007577,1.779558,0.006516,0.005693,0.005959,0.026943,0.008658,0.006775,8.12,16.0
4c,1.135975,1.223237,0.954036,0.607179,0.066678,0.062673,0.205135,0.097682,0.153687,0.274961,0.007577,1.779558,0.006516,0.005693,0.005959,0.026943,0.008658,0.006775,8.16,15.9
5c,0.863448,1.277408,0.200085,0.828237,0.12976,0.050816,0.3075,0.293988,0.26847,0.460747,0.037056,1.2963,0.004415,0.007491,0.00289,0.06381,0.009533,0.009676,0.0,0.9
5c,0.863448,1.277408,0.200085,0.828237,0.12976,0.050816,0.3075,0.293988,0.26847,0.460747,0.037056,1.2963,0.004415,0.007491,0.00289,0.06381,0.009533,0.009676,0.0,0.9
5c,0.863448,1.277408,0.200085,0.828237,0.12976,0.050816,0.3075,0.293988,0.26847,0.460747,0.037056,1.2963,0.004415,0.007491,0.00289,0.06381,0.009533,0.009676,0.0,0.9
6c,0.314702,1.080844,0.56956,0.604067,0.230908,0.365419,0.466041,0.081576,0.222177,0.265009,0.02921,0.972446,0.007818,0.000151,0.001785,0.010925,0.004977,0.003776,0.0,1.7
6c,0.314702,1.080844,0.56956,0.604067,0.230908,0.365419,0.466041,0.081576,0.222177,0.265009,0.02921,0.972446,0.007818,0.000151,0.001785,0.010925,0.004977,0.003776,0.0,1.8
6c,0.314702,1.080844,0.56956,0.604067,0.230908,0.365419,0.466041,0.081576,0.222177,0.265009,0.02921,0.972446,0.007818,0.000151,0.001785,0.010925,0.004977,0.003776,0.0,1.8
8c,0.400999,1.392585,0.505966,0.591378,0.436441,0.388113,0.388718,0.251436,0.247073,0.071365,0.012087,1.624001,0.006881,0.000177,0.002322,0.068571,0.009554,0.008719,0.55,0.9
8c,0.400999,1.392585,0.505966,0.591378,0.436441,0.388113,0.388718,0.251436,0.247073,0.071365,0.012087,1.624001,0.006881,0.000177,0.002322,0.068571,0.009554,0.008719,0.74,0.4
8c,0.400999,1.392585,0.505966,0.591378,0.436441,0.388113,0.388718,0.251436,0.247073,0.071365,0.012087,1.624001,0.006881,0.000177,0.002322,0.068571,0.009554,0.008719,0.88,0.6
9c,1.453368,1.392585,0.505966,0.591378,0.436441,0.388113,0.388718,0.251436,0.247073,0.071365,0.012087,1.624001,0.006881,0.000177,0.002322,0.029524,0.009554,0.008719,6.91,13.7
9c,1.453368,1.392585,0.505966,0.591378,0.436441,0.388113,0.388718,0.251436,0.247073,0.071365,0.012087,1.624001,0.006881,0.000177,0.002322,0.029524,0.009554,0.008719,6.93,15.5
9c,1.453368,1.392585,0.505966,0.591378,0.436441,0.388113,0.388718,0.251436,0.247073,0.071365,0.012087,1.624001,0.006881,0.000177,0.002322,0.029524,0.009554,0.008719,6.83,15.1
10c,1.508448,1.675694,0.586488,0.976332,0.374204,0.365855,0.197889,0.070151,0.377377,0.206901,0.042254,1.32315,0.002475,0.003797,0.005938,0.074286,0.00714,0.008588,0.62,1.5
10c,1.508448,1.675694,0.586488,0.976332,0.374204,0.365855,0.197889,0.070151,0.377377,0.206901,0.042254,1.32315,0.002475,0.003797,0.005938,0.074286,0.00714,0.008588,0.54,1.5
10c,1.508448,1.675694,0.586488,0.976332,0.374204,0.365855,0.197889,0.070151,0.377377,0.206901,0.042254,1.32315,0.002475,0.003797,0.005938,0.074286,0.00714,0.008588,0.6,1.6
11c,0.592608,0.829521,0.159113,0.227407,0.487338,0.114322,0.391651,0.240321,0.268775,0.354381,0.042738,2.21586,0.002445,0.007181,0.008625,0.066667,0.006609,0.003108,5.62,10.7
11c,0.592608,0.829521,0.159113,0.227407,0.487338,0.114322,0.391651,0.240321,0.268775,0.354381,0.042738,2.21586,0.002445,0.007181,0.008625,0.066667,0.006609,0.003108,6.3,11.7
11c,0.592608,0.829521,0.159113,0.227407,0.487338,0.114322,0.391651,0.240321,0.268775,0.354381,0.042738,2.21586,0.002445,0.007181,0.008625,0.066667,0.006609,0.003108,6.35,11.5
16c,1.90411,1.781166,0.321659,1.350978,0.330167,0.368648,0.432533,0.038732,0.310076,0.106304,0.051511,1.577051,0.002405,0.008159,0.007676,0.049524,0.000931,0.006575,3.68,6.9
16c,1.90411,1.781166,0.321659,1.350978,0.330167,0.368648,0.432533,0.038732,0.310076,0.106304,0.051511,1.577051,0.002405,0.008159,0.007676,0.049524,0.000931,0.006575,4.07,7.5
16c,1.90411,1.781166,0.321659,1.350978,0.330167,0.368648,0.432533,0.038732,0.310076,0.106304,0.051511,1.577051,0.002405,0.008159,0.007676,0.049524,0.000931,0.006575,4.18,7.6
17c,0.833371,0.681849,0.306765,0.438219,0.340991,0.300236,0.297025,0.209993,0.481223,0.072767,0.087571,1.761225,0.008537,0.008189,0.008422,0.031429,0.004879,0.005449,6.26,8.7
17c,0.833371,0.681849,0.306765,0.438219,0.340991,0.300236,0.297025,0.209993,0.481223,0.072767,0.087571,1.761225,0.008537,0.008189,0.008422,0.031429,0.004879,0.005449,6.34,8.8
17c,0.833371,0.681849,0.306765,0.438219,0.340991,0.300236,0.297025,0.209993,0.481223,0.072767,0.087571,1.761225,0.008537,0.008189,0.008422,0.031429,0.004879,0.005449,6.51,9.3
20c,1.372165,1.113386,0.593621,1.466518,0.326297,0.468642,0.020288,0.208285,0.241248,0.357198,0.095694,1.276272,0.002475,0.000552,0.008537,0.06,0.009072,0.004452,0.0,1.0
20c,1.372165,1.113386,0.593621,1.466518,0.326297,0.468642,0.020288,0.208285,0.241248,0.357198,0.095694,1.276272,0.002475,0.000552,0.008537,0.06,0.009072,0.004452,0.0,1.0
20c,1.372165,1.113386,0.593621,1.466518,0.326297,0.468642,0.020288,0.208285,0.241248,0.357198,0.095694,1.276272,0.002475,0.000552,0.008537,0.06,0.009072,0.004452,0.0,0.8
23c,1.583011,0.631942,4.418551,3.367415,0.113684,0.283529,0.310505,0.013489,0.013996,0.124755,0.050776,2.294144,0.007847,0.001451,0.007579,0.061905,0.008975,0.006814,0.34,0.8
23c,1.583011,0.631942,4.418551,3.367415,0.113684,0.283529,0.310505,0.013489,0.013996,0.124755,0.050776,2.294144,0.007847,0.001451,0.007579,0.061905,0.008975,0.006814,0.36,1.2
23c,1.583011,0.631942,4.418551,3.367415,0.113684,0.283529,0.310505,0.013489,0.013996,0.124755,0.050776,2.294144,0.007847,0.001451,0.007579,0.061905,0.008975,0.006814,0.42,1.0
25c,1.556478,1.325467,0.451011,0.48577,0.002412,0.01146,0.005386,0.004633,0.001576,0.001758,7.8e-05,0.00463,0.000109,0.000101,0.000102,0.000104,9.4e-05,9.1e-05,8.98,13.6
25c,1.556478,1.325467,0.451011,0.48577,0.002412,0.01146,0.005386,0.004633,0.001576,0.001758,7.8e-05,0.00463,0.000109,0.000101,0.000102,0.000104,9.4e-05,9.1e-05,9.3,13.8
25c,1.556478,1.325467,0.451011,0.48577,0.002412,0.01146,0.005386,0.004633,0.001576,0.001758,7.8e-05,0.00463,0.000109,0.000101,0.000102,0.000104,9.4e-05,9.1e-05,9.0,13.7
26c,2.585733,1.965288,3.876564,3.512002,0.279191,0.106013,0.45564,0.390576,0.216876,0.267086,0.095457,1.211474,0.006608,0.001744,0.001698,0.018095,0.000454,0.005397,0.0,1.1
26c,2.585733,1.965288,3.876564,3.512002,0.279191,0.106013,0.45564,0.390576,0.216876,0.267086,0.095457,1.211474,0.006608,0.001744,0.001698,0.018095,0.000454,0.005397,0.0,-0.6
26c,2.585733,1.965288,3.876564,3.512002,0.279191,0.106013,0.45564,0.390576,0.216876,0.267086,0.095457,1.211474,0.006608,0.001744,0.001698,0.018095,0.000454,0.005397,0.0,2.4
27c,1.046277,3.303182,4.789812,0.789647,0.265018,0.042155,0.30672,0.262345,0.466454,0.16327,0.076827,2.237153,0.004717,0.00863,0.000681,0.033333,0.003638,0.007753,5.71,17.9
27c,1.046277,3.303182,4.789812,0.789647,0.265018,0.042155,0.30672,0.262345,0.466454,0.16327,0.076827,2.237153,0.004717,0.00863,0.000681,0.033333,0.003638,0.007753,5.86,16.9
27c,1.046277,3.303182,4.789812,0.789647,0.265018,0.042155,0.30672,0.262345,0.466454,0.16327,0.076827,2.237153,0.004717,0.00863,0.000681,0.033333,0.003638,0.007753,5.87,15.7
28c,2.048488,3.955852,4.66632,0.204766,0.066574,0.289513,0.458622,0.122222,0.00347,0.008149,0.020807,2.292761,0.009422,0.003738,0.007516,0.059048,0.007318,0.007072,0.0,2.3
28c,2.048488,3.955852,4.66632,0.204766,0.066574,0.289513,0.458622,0.122222,0.00347,0.008149,0.020807,2.292761,0.009422,0.003738,0.007516,0.059048,0.007318,0.007072,0.0,1.6
28c,2.048488,3.955852,4.66632,0.204766,0.066574,0.289513,0.458622,0.122222,0.00347,0.008149,0.020807,2.292761,0.009422,0.003738,0.007516,0.059048,0.007318,0.007072,0.0,2.4
29c,3.88969,4.319213,4.783651,1.614815,0.07866,0.009209,0.365745,0.169773,0.20524,0.32186,0.079907,2.425746,0.001951,0.00562,0.005037,0.021905,0.006057,0.008928,5.82,13.1
29c,3.88969,4.319213,4.783651,1.614815,0.07866,0.009209,0.365745,0.169773,0.20524,0.32186,0.079907,2.425746,0.001951,0.00562,0.005037,0.021905,0.006057,0.008928,6.23,14.2
29c,3.88969,4.319213,4.783651,1.614815,0.07866,0.009209,0.365745,0.169773,0.20524,0.32186,0.079907,2.425746,0.001951,0.00562,0.005037,0.021905,0.006057,0.008928,5.84,13.0
30c,0.554561,1.724935,3.727283,2.82304,0.143008,0.077555,0.324884,0.367668,0.029087,0.358511,0.037997,1.195046,0.004483,2.1e-05,0.009021,0.049524,0.003796,0.007169,0.0,1.4
30c,0.554561,1.724935,3.727283,2.82304,0.143008,0.077555,0.324884,0.367668,0.029087,0.358511,0.037997,1.195046,0.004483,2.1e-05,0.009021,0.049524,0.003796,0.007169,0.0,2.4
30c,0.554561,1.724935,3.727283,2.82304,0.143008,0.077555,0.324884,0.367668,0.029087,0.358511,0.037997,1.195046,0.004483,2.1e-05,0.009021,0.049524,0.003796,0.007169,0.0,1.2
31c,2.846039,3.837443,3.34215,2.572997,0.013983,0.815449,0.313017,0.152005,0.363591,0.082603,0.001253,2.065305,0.004697,0.001525,0.007392,0.047619,0.004182,0.009583,0.0,2.4
31c,2.846039,3.837443,3.34215,2.572997,0.013983,0.815449,0.313017,0.152005,0.363591,0.082603,0.001253,2.065305,0.004697,0.001525,0.007392,0.047619,0.004182,0.009583,0.0,0.3
31c,2.846039,3.837443,3.34215,2.572997,0.013983,0.815449,0.313017,0.152005,0.363591,0.082603,0.001253,2.065305,0.004697,0.001525,0.007392,0.047619,0.004182,0.009583,0.0,2.4
32c,4.398306,3.807857,3.029419,3.020582,0.275265,0.169002,0.397934,0.015595,0.435862,0.222906,0.07713,1.428605,0.002644,0.006404,0.00725,0.070476,0.00198,0.006712,4.87,10.5
32c,4.398306,3.807857,3.029419,3.020582,0.275265,0.169002,0.397934,0.015595,0.435862,0.222906,0.07713,1.428605,0.002644,0.006404,0.00725,0.070476,0.00198,0.006712,4.87,10.4
32c,4.398306,3.807857,3.029419,3.020582,0.275265,0.169002,0.397934,0.015595,0.435862,0.222906,0.07713,1.428605,0.002644,0.006404,0.00725,0.070476,0.00198,0.006712,4.9,13.6
33c,1.038313,3.520151,0.775047,3.145692,0.281229,0.287069,0.302575,0.342886,0.037433,0.467116,0.066191,1.632345,0.007346,0.007831,0.00366,0.005464,0.007023,0.005785,0.0,3.1
33c,1.038313,3.520151,0.775047,3.145692,0.281229,0.287069,0.302575,0.342886,0.037433,0.467116,0.066191,1.632345,0.007346,0.007831,0.00366,0.005464,0.007023,0.005785,0.0,2.6
33c,1.038313,3.520151,0.775047,3.145692,0.281229,0.287069,0.302575,0.342886,0.037433,0.467116,0.066191,1.632345,0.007346,0.007831,0.00366,0.005464,0.007023,0.005785,0.0,3.9
34c,1.043006,2.620689,4.438339,3.962105,0.215963,0.091056,0.496529,0.102585,0.025279,0.062286,0.031665,1.217309,0.000297,0.008966,0.008761,0.04,0.000323,0.005688,5.31,22.0
34c,1.043006,2.620689,4.438339,3.962105,0.215963,0.091056,0.496529,0.102585,0.025279,0.062286,0.031665,1.217309,0.000297,0.008966,0.008761,0.04,0.000323,0.005688,5.52,22.2
34c,1.043006,2.620689,4.438339,3.962105,0.215963,0.091056,0.496529,0.102585,0.025279,0.062286,0.031665,1.217309,0.000297,0.008966,0.008761,0.04,0.000323,0.005688,5.48,21.3
7c,0.917419299,1.13729775,0.18710037,0.944443293,0.349813475,0.58389776,0.389878049,0.099787502,0.188638876,0.355725118,0.037383178,1.950640664,0.00917036,0.001696526,0.00222641,0.062976545,0.009553929,0.008424233,0.19,1.0
7c,0.917419299,1.13729775,0.18710037,0.944443293,0.349813475,0.58389776,0.389878049,0.099787502,0.188638876,0.355725118,0.037383178,1.950640664,0.00917036,0.001696526,0.00222641,0.062976545,0.009553929,0.008424233,0.19,1.1
7c,0.917419299,1.13729775,0.18710037,0.944443293,0.349813475,0.58389776,0.389878049,0.099787502,0.188638876,0.355725118,0.037383178,1.950640664,0.00917036,0.001696526,0.00222641,0.062976545,0.009553929,0.008424233,0.19,1.4
12c,0.30750392,1.139573082,0.55133142,0.468454402,0.242386658,0.382543287,0.468880017,0.107294583,0.230534712,0.26468981,0.030851104,0.992368805,0.008077376,0.000533358,0.001889476,0.010693223,0.005127322,0.004070658,0.0,0.94
12c,0.30750392,1.139573082,0.55133142,0.468454402,0.242386658,0.382543287,0.468880017,0.107294583,0.230534712,0.26468981,0.030851104,0.992368805,0.008077376,0.000533358,0.001889476,0.010693223,0.005127322,0.004070658,0.07,1.46
12c,0.30750392,1.139573082,0.55133142,0.468454402,0.242386658,0.382543287,0.468880017,0.107294583,0.230534712,0.26468981,0.030851104,0.992368805,0.008077376,0.000533358,0.001889476,0.010693223,0.005127322,0.004070658,0.04,1.06
13c,1.37554547,1.445240709,0.203169013,0.332521723,0.416764646,0.738506303,0.125496857,0.135091523,0.067576622,0.356170435,0.04259088,2.266163092,0.005947987,0.004724797,0.004053814,0.019655504,0.006073379,0.005224671,0.0,1.02
13c,1.37554547,1.445240709,0.203169013,0.332521723,0.416764646,0.738506303,0.125496857,0.135091523,0.067576622,0.356170435,0.04259088,2.266163092,0.005947987,0.004724797,0.004053814,0.019655504,0.006073379,0.005224671,0.02,1.08
13c,1.37554547,1.445240709,0.203169013,0.332521723,0.416764646,0.738506303,0.125496857,0.135091523,0.067576622,0.356170435,0.04259088,2.266163092,0.005947987,0.004724797,0.004053814,0.019655504,0.006073379,0.005224671,0.02,1.02
14c,0.559750205,1.426620038,0.993684001,0.578079393,0.161880783,1.013120828,0.326575383,0.41049795,0.351343488,0.267449562,0.052185212,1.353019933,0.009083739,0.005217804,0.001705933,0.02498617,0.005014844,0.005147227,0.0,0.54
14c,0.559750205,1.426620038,0.993684001,0.578079393,0.161880783,1.013120828,0.326575383,0.41049795,0.351343488,0.267449562,0.052185212,1.353019933,0.009083739,0.005217804,0.001705933,0.02498617,0.005014844,0.005147227,0.0,0.62
14c,0.559750205,1.426620038,0.993684001,0.578079393,0.161880783,1.013120828,0.326575383,0.41049795,0.351343488,0.267449562,0.052185212,1.353019933,0.009083739,0.005217804,0.001705933,0.02498617,0.005014844,0.005147227,0.0,0.62
15c,0.441949938,1.588451875,0.515080093,0.697600518,0.485089471,0.694412174,0.315678315,0.217951398,0.43952935,0.432694241,0.011729325,0.871954287,0.009804752,0.003292565,0.006848586,0.03272504,0.006924941,0.008098423,0.0,0.54
15c,0.441949938,1.588451875,0.515080093,0.697600518,0.485089471,0.694412174,0.315678315,0.217951398,0.43952935,0.432694241,0.011729325,0.871954287,0.009804752,0.003292565,0.006848586,0.03272504,0.006924941,0.008098423,0.0,0.58
15c,0.441949938,1.588451875,0.515080093,0.697600518,0.485089471,0.694412174,0.315678315,0.217951398,0.43952935,0.432694241,0.011729325,0.871954287,0.009804752,0.003292565,0.006848586,0.03272504,0.006924941,0.008098423,0.0,0.62
18c,0.653595715,1.116207715,0.209745421,0.507636983,0.411929389,0.697934933,0.103862276,0.126820609,0.486664568,0.485941783,0.096107356,0.599374213,0.006656694,0.000990671,0.007058462,0.049182144,0.001237404,0.008766069,0.0,0.72
18c,0.653595715,1.116207715,0.209745421,0.507636983,0.411929389,0.697934933,0.103862276,0.126820609,0.486664568,0.485941783,0.096107356,0.599374213,0.006656694,0.000990671,0.007058462,0.049182144,0.001237404,0.008766069,0.0,0.76
18c,0.653595715,1.116207715,0.209745421,0.507636983,0.411929389,0.697934933,0.103862276,0.126820609,0.486664568,0.485941783,0.096107356,0.599374213,0.006656694,0.000990671,0.007058462,0.049182144,0.001237404,0.008766069,0.0,1.02
19c,1.035311436,1.243053589,0.655744736,0.616488345,0.425916418,0.697764069,0.124911835,0.123705989,0.478280706,0.552,0.09888664,0.124059733,0.003480597,0.008227627,0.009516542,0.049447875,0.007712872,0.006769617,0.0,0.94
19c,1.035311436,1.243053589,0.655744736,0.616488345,0.425916418,0.697764069,0.124911835,0.123705989,0.478280706,0.552,0.09888664,0.124059733,0.003480597,0.008227627,0.009516542,0.049447875,0.007712872,0.006769617,0.0,0.96
19c,1.035311436,1.243053589,0.655744736,0.616488345,0.425916418,0.697764069,0.124911835,0.123705989,0.478280706,0.552,0.09888664,0.124059733,0.003480597,0.008227627,0.009516542,0.049447875,0.007712872,0.006769617,0.0,0.86
21c,1.12005297,1.242657567,1.279963354,0.543126142,0.086062667,1.006940634,0.436526821,0.344104599,0.279940874,0.291049909,0.058985621,0.516362005,0.00591735,0.006815176,0.007605729,0.032628555,0.006211037,0.006026425,0.0,1.12
21c,1.12005297,1.242657567,1.279963354,0.543126142,0.086062667,1.006940634,0.436526821,0.344104599,0.279940874,0.291049909,0.058985621,0.516362005,0.00591735,0.006815176,0.007605729,0.032628555,0.006211037,0.006026425,0.0,0.98
21c,1.12005297,1.242657567,1.279963354,0.543126142,0.086062667,1.006940634,0.436526821,0.344104599,0.279940874,0.291049909,0.058985621,0.516362005,0.00591735,0.006815176,0.007605729,0.032628555,0.006211037,0.006026425,0.0,1.76
22c,4.619793448,3.180390817,3.814341125,0.280609177,0.237304064,0.879325286,0.435048336,0.354151545,0.088064754,0.487628498,0.089010467,2.058640264,0.009972478,0.009589393,0.003317847,0.018708038,0.001812884,0.006658541,0.0,0.7
22c,4.619793448,3.180390817,3.814341125,0.280609177,0.237304064,0.879325286,0.435048336,0.354151545,0.088064754,0.487628498,0.089010467,2.058640264,0.009972478,0.009589393,0.003317847,0.018708038,0.001812884,0.006658541,0.0,1.0
22c,4.619793448,3.180390817,3.814341125,0.280609177,0.237304064,0.879325286,0.435048336,0.354151545,0.088064754,0.487628498,0.089010467,2.058640264,0.009972478,0.009589393,0.003317847,0.018708038,0.001812884,0.006658541,0.0,0.94
24c,4.291070956,4.091896908,1.321018803,0.299798724,0.411874598,0.080134892,0.468359709,0.114329208,0.357078877,0.361906074,0.069739283,0.913847264,0.008394108,0.000310742,0.002309277,0.044396616,0.006924767,0.005049794,0.0,1.34
24c,4.291070956,4.091896908,1.321018803,0.299798724,0.411874598,0.080134892,0.468359709,0.114329208,0.357078877,0.361906074,0.069739283,0.913847264,0.008394108,0.000310742,0.002309277,0.044396616,0.006924767,0.005049794,0.0,1.2
24c,4.291070956,4.091896908,1.321018803,0.299798724,0.411874598,0.080134892,0.468359709,0.114329208,0.357078877,0.361906074,0.069739283,0.913847264,0.008394108,0.000310742,0.002309277,0.044396616,0.006924767,0.005049794,0.01,1.4
