,KH2PO4,NH4Cl,KCl,MgSO4*7H2O,ZnSO4·7H2O,H3BO3,MnCl2·4H2O,FeSO4·7H2O,CoCl2·6H2O,CuSO4·5H20,Na2MoO4·2H2O,Na4EDTA,biotin,pyridoxine,thiamine,riboflavin,para-aminobenzoic acid,nicotinic acid,Malate Titer (g/L),Malate_pred,Malate_std,Malate_cv_pred,Malate_cv_std,Label
0,3.980769808,2.726696193,3.101909292,3.564819528,0.342064911,0.266441968,0.266024627,0.148381321,0.168818995,0.217547171,0.049862861,2.022301725,1.3609e-05,0.00296187,0.003922676,0.029025726,0.004537781,0.002338191,2.38,0.2061817479330694,0.22793288128840014,0.22361388268721005,0.24867178458356695,train
1,3.980769808,2.726696193,3.101909292,3.564819528,0.342064911,0.266441968,0.266024627,0.148381321,0.168818995,0.217547171,0.049862861,2.022301725,1.3609e-05,0.00296187,0.003922676,0.029025726,0.004537781,0.002338191,2.43,0.2061817479330694,0.22793288128840014,0.22361388268721005,0.24867178458356695,train
2,3.980769808,2.726696193,3.101909292,3.564819528,0.342064911,0.266441968,0.266024627,0.148381321,0.168818995,0.217547171,0.049862861,2.022301725,1.3609e-05,0.00296187,0.003922676,0.029025726,0.004537781,0.002338191,2.49,0.2061817479330694,0.22793288128840014,0.22361388268721005,0.24867178458356695,train
3,0.463416098,1.202824404,3.487949046,2.090830242,0.002132968,0.641487279,0.364211992,0.470553044,0.419028417,0.00125987,0.063477923,1.973034061,0.000502892,0.000811841,0.003437535,2.6061e-05,0.007166934,0.00717501,0.07,0.03152750155395976,0.22808140213266065,0.08243549507890574,0.27477395477367994,train
4,0.463416098,1.202824404,3.487949046,2.090830242,0.002132968,0.641487279,0.364211992,0.470553044,0.419028417,0.00125987,0.063477923,1.973034061,0.000502892,0.000811841,0.003437535,2.6061e-05,0.007166934,0.00717501,0.07,0.03152750155395976,0.22808140213266065,0.08243549507890574,0.27477395477367994,train
5,0.463416098,1.202824404,3.487949046,2.090830242,0.002132968,0.641487279,0.364211992,0.470553044,0.419028417,0.00125987,0.063477923,1.973034061,0.000502892,0.000811841,0.003437535,2.6061e-05,0.007166934,0.00717501,0.05,0.03152750155395976,0.22808140213266065,0.08243549507890574,0.27477395477367994,train
6,3.037440239,1.831617082,2.666755472,4.031676018,0.07520835,1.050843092,0.109357373,0.031849295,0.487002963,0.073458061,0.005607491,5.5591e-05,0.005642388,0.007673425,0.003548655,0.01028756,0.002307814,0.006369783,0.0,0.021732113713863972,0.22814712870430426,0.4400103734774811,0.27692837847122664,train
7,3.037440239,1.831617082,2.666755472,4.031676018,0.07520835,1.050843092,0.109357373,0.031849295,0.487002963,0.073458061,0.005607491,5.5591e-05,0.005642388,0.007673425,0.003548655,0.01028756,0.002307814,0.006369783,0.0,0.021732113713863972,0.22814712870430426,0.4400103734774811,0.27692837847122664,train
8,3.037440239,1.831617082,2.666755472,4.031676018,0.07520835,1.050843092,0.109357373,0.031849295,0.487002963,0.073458061,0.005607491,5.5591e-05,0.005642388,0.007673425,0.003548655,0.01028756,0.002307814,0.006369783,0.0,0.021732113713863972,0.22814712870430426,0.4400103734774811,0.27692837847122664,train
9,0.328778076,2.887089098,4.093005438,0.452409288,0.318256337,0.006774342,0.345718801,0.42328744,0.35981905,0.026141511,0.011016346,0.539793834,0.004528611,0.007755465,0.00051942,0.003431337,0.007448333,5.6228e-05,0.0,0.02706150364269409,0.2281093514291499,0.01980645449141291,0.24876859441600602,train
10,0.328778076,2.887089098,4.093005438,0.452409288,0.318256337,0.006774342,0.345718801,0.42328744,0.35981905,0.026141511,0.011016346,0.539793834,0.004528611,0.007755465,0.00051942,0.003431337,0.007448333,5.6228e-05,0.0,0.02706150364269409,0.2281093514291499,0.01980645449141291,0.24876859441600602,train
11,0.328778076,2.887089098,4.093005438,0.452409288,0.318256337,0.006774342,0.345718801,0.42328744,0.35981905,0.026141511,0.011016346,0.539793834,0.004528611,0.007755465,0.00051942,0.003431337,0.007448333,5.6228e-05,0.0,0.02706150364269409,0.2281093514291499,0.01980645449141291,0.24876859441600602,train
12,2.18655302,0.552483613,2.326633851,0.359860192,0.084220173,0.610880341,0.249165935,0.092424463,0.26579373,0.044816621,0.061167824,1.103157449,8.9447e-05,4.2614e-05,0.004888348,0.060947913,0.0025072,0.008123587,0.0,0.04823581102650821,0.2285405041773943,0.11359077062166288,0.24188169597263515,train
13,2.18655302,0.552483613,2.326633851,0.359860192,0.084220173,0.610880341,0.249165935,0.092424463,0.26579373,0.044816621,0.061167824,1.103157449,8.9447e-05,4.2614e-05,0.004888348,0.060947913,0.0025072,0.008123587,0.0,0.04823581102650821,0.2285405041773943,0.11359077062166288,0.24188169597263515,train
14,2.18655302,0.552483613,2.326633851,0.359860192,0.084220173,0.610880341,0.249165935,0.092424463,0.26579373,0.044816621,0.061167824,1.103157449,8.9447e-05,4.2614e-05,0.004888348,0.060947913,0.0025072,0.008123587,0.0,0.04823581102650821,0.2285405041773943,0.11359077062166288,0.24188169597263515,train
15,3.07921698,0.632410116,1.848732389,0.454423894,0.289011852,0.138404485,0.076870586,0.091738194,0.133446705,0.070087061,5.9988e-05,1.72076832,2.9389e-05,0.000617353,0.006846796,0.026239094,0.00054128,0.002549601,0.0,0.031053224374628364,0.22804059867926832,0.3602504779210167,0.1934698044465106,train
16,3.07921698,0.632410116,1.848732389,0.454423894,0.289011852,0.138404485,0.076870586,0.091738194,0.133446705,0.070087061,5.9988e-05,1.72076832,2.9389e-05,0.000617353,0.006846796,0.026239094,0.00054128,0.002549601,0.0,0.031053224374628364,0.22804059867926832,0.3602504779210167,0.1934698044465106,train
17,3.07921698,0.632410116,1.848732389,0.454423894,0.289011852,0.138404485,0.076870586,0.091738194,0.133446705,0.070087061,5.9988e-05,1.72076832,2.9389e-05,0.000617353,0.006846796,0.026239094,0.00054128,0.002549601,0.0,0.031053224374628364,0.22804059867926832,0.3602504779210167,0.1934698044465106,train
18,3.642639481,1.445945622,2.958515706,0.289306699,0.490811542,0.388578121,0.003084636,0.443965282,0.30093038,0.098254421,5.8685e-05,0.648419782,0.000596115,0.009410744,0.002352745,0.01080672,0.000438911,0.006652118,1.77,0.15336972368108415,0.2278885989118548,0.18920428708660073,0.254735588286294,train
19,3.642639481,1.445945622,2.958515706,0.289306699,0.490811542,0.388578121,0.003084636,0.443965282,0.30093038,0.098254421,5.8685e-05,0.648419782,0.000596115,0.009410744,0.002352745,0.01080672,0.000438911,0.006652118,1.9,0.15336972368108415,0.2278885989118548,0.18920428708660073,0.254735588286294,train
20,3.642639481,1.445945622,2.958515706,0.289306699,0.490811542,0.388578121,0.003084636,0.443965282,0.30093038,0.098254421,5.8685e-05,0.648419782,0.000596115,0.009410744,0.002352745,0.01080672,0.000438911,0.006652118,2.04,0.15336972368108415,0.2278885989118548,0.18920428708660073,0.254735588286294,train
21,1.002513976,0.966586092,3.355879993,1.272428648,0.001612425,0.002124458,0.000939048,0.057200287,0.278192115,0.27485306,0.055572943,0.037693639,0.004286044,0.005119826,0.00338259,0.024757942,0.001672198,0.001275338,0.0,0.025919979309916658,0.22808260631433905,0.04198488232302482,0.23434832917255724,train
22,1.002513976,0.966586092,3.355879993,1.272428648,0.001612425,0.002124458,0.000939048,0.057200287,0.278192115,0.27485306,0.055572943,0.037693639,0.004286044,0.005119826,0.00338259,0.024757942,0.001672198,0.001275338,0.0,0.025919979309916658,0.22808260631433905,0.04198488232302482,0.23434832917255724,train
23,1.002513976,0.966586092,3.355879993,1.272428648,0.001612425,0.002124458,0.000939048,0.057200287,0.278192115,0.27485306,0.055572943,0.037693639,0.004286044,0.005119826,0.00338259,0.024757942,0.001672198,0.001275338,0.0,0.025919979309916658,0.22808260631433905,0.04198488232302482,0.23434832917255724,train
24,0.533768375,3.572263922,0.082742057,1.083212234,0.071259486,0.40419963,0.105586655,0.004907968,0.199014218,0.100071472,0.028084146,1.537073033,0.002481696,3.1199e-05,0.005917323,0.032521526,2.4395e-05,3.5882e-05,0.0,0.026839773716704166,0.22806759532882884,0.8980458695050211,0.25139620537160795,train
25,0.533768375,3.572263922,0.082742057,1.083212234,0.071259486,0.40419963,0.105586655,0.004907968,0.199014218,0.100071472,0.028084146,1.537073033,0.002481696,3.1199e-05,0.005917323,0.032521526,2.4395e-05,3.5882e-05,0.0,0.026839773716704166,0.22806759532882884,0.8980458695050211,0.25139620537160795,train
26,0.533768375,3.572263922,0.082742057,1.083212234,0.071259486,0.40419963,0.105586655,0.004907968,0.199014218,0.100071472,0.028084146,1.537073033,0.002481696,3.1199e-05,0.005917323,0.032521526,2.4395e-05,3.5882e-05,0.0,0.026839773716704166,0.22806759532882884,0.8980458695050211,0.25139620537160795,train
27,1.101700002,0.886471403,2.154484529,2.50747735,0.396571431,0.003949755,0.143459066,0.25531122,0.334578158,0.302425384,0.067795762,0.000980879,0.007403306,0.003257218,6.9561e-05,0.048661704,0.003013283,0.002683733,0.0,-0.003346116830681647,0.22780474443083235,0.08710979446100452,0.2493970437253052,train
28,1.101700002,0.886471403,2.154484529,2.50747735,0.396571431,0.003949755,0.143459066,0.25531122,0.334578158,0.302425384,0.067795762,0.000980879,0.007403306,0.003257218,6.9561e-05,0.048661704,0.003013283,0.002683733,0.0,-0.003346116830681647,0.22780474443083235,0.08710979446100452,0.2493970437253052,train
29,1.101700002,0.886471403,2.154484529,2.50747735,0.396571431,0.003949755,0.143459066,0.25531122,0.334578158,0.302425384,0.067795762,0.000980879,0.007403306,0.003257218,6.9561e-05,0.048661704,0.003013283,0.002683733,0.0,-0.003346116830681647,0.22780474443083235,0.08710979446100452,0.2493970437253052,train
30,4.195183741,0.601431632,0.316556012,3.220089365,0.40726256,0.855997624,0.121266629,0.269250723,0.000785414,0.000417378,0.037564887,1.760442857,0.003500293,8.2556e-05,0.008178772,0.042028519,0.007969347,0.005177178,0.0,0.026373950401832196,0.22811088495272736,0.03209925639980438,0.2172240532782565,train
31,4.195183741,0.601431632,0.316556012,3.220089365,0.40726256,0.855997624,0.121266629,0.269250723,0.000785414,0.000417378,0.037564887,1.760442857,0.003500293,8.2556e-05,0.008178772,0.042028519,0.007969347,0.005177178,0.0,0.026373950401832196,0.22811088495272736,0.03209925639980438,0.2172240532782565,train
32,4.195183741,0.601431632,0.316556012,3.220089365,0.40726256,0.855997624,0.121266629,0.269250723,0.000785414,0.000417378,0.037564887,1.760442857,0.003500293,8.2556e-05,0.008178772,0.042028519,0.007969347,0.005177178,0.0,0.026373950401832196,0.22811088495272736,0.03209925639980438,0.2172240532782565,train
33,1.69070236,4.033517849,3.141885277,3.871040071,0.243031819,0.007219498,0.195302882,0.3155987,0.399203368,0.092889656,7.609e-06,1.626207856,0.001835642,0.002247283,0.006439343,0.034161532,0.007867836,0.000584579,0.21,0.05132389097716621,0.22803061408354985,0.17398444376582917,0.2922821781441103,train
34,1.69070236,4.033517849,3.141885277,3.871040071,0.243031819,0.007219498,0.195302882,0.3155987,0.399203368,0.092889656,7.609e-06,1.626207856,0.001835642,0.002247283,0.006439343,0.034161532,0.007867836,0.000584579,0.29,0.05132389097716621,0.22803061408354985,0.17398444376582917,0.2922821781441103,train
35,1.69070236,4.033517849,3.141885277,3.871040071,0.243031819,0.007219498,0.195302882,0.3155987,0.399203368,0.092889656,7.609e-06,1.626207856,0.001835642,0.002247283,0.006439343,0.034161532,0.007867836,0.000584579,0.22,0.05132389097716621,0.22803061408354985,0.17398444376582917,0.2922821781441103,train
36,2.707058346,1.288341601,0.303208412,0.219642232,0.008556321,0.584745275,0.04094902,0.240257706,0.000473413,0.28191257,1.0878e-05,0.068424655,0.007684536,0.003459556,0.006345028,0.047555452,0.004958712,0.003330176,0.0,0.015376279120673351,0.22797216158831515,0.014030443265222499,0.24911628487153478,train
37,2.707058346,1.288341601,0.303208412,0.219642232,0.008556321,0.584745275,0.04094902,0.240257706,0.000473413,0.28191257,1.0878e-05,0.068424655,0.007684536,0.003459556,0.006345028,0.047555452,0.004958712,0.003330176,0.0,0.015376279120673351,0.22797216158831515,0.014030443265222499,0.24911628487153478,train
38,2.707058346,1.288341601,0.303208412,0.219642232,0.008556321,0.584745275,0.04094902,0.240257706,0.000473413,0.28191257,1.0878e-05,0.068424655,0.007684536,0.003459556,0.006345028,0.047555452,0.004958712,0.003330176,0.0,0.015376279120673351,0.22797216158831515,0.014030443265222499,0.24911628487153478,train
39,0.803995285,0.532055152,4.199946697,3.360972722,0.38303685,0.24824867,0.401971936,0.391083235,0.145094121,0.375902065,0.012128059,0.422489646,0.006882871,0.004446538,0.005562338,0.020847135,0.002656449,0.000818344,0.0,-0.0011229476734965593,0.22779754819058984,0.1565950887506357,0.2762323843906152,train
40,0.803995285,0.532055152,4.199946697,3.360972722,0.38303685,0.24824867,0.401971936,0.391083235,0.145094121,0.375902065,0.012128059,0.422489646,0.006882871,0.004446538,0.005562338,0.020847135,0.002656449,0.000818344,0.0,-0.0011229476734965593,0.22779754819058984,0.1565950887506357,0.2762323843906152,train
41,0.803995285,0.532055152,4.199946697,3.360972722,0.38303685,0.24824867,0.401971936,0.391083235,0.145094121,0.375902065,0.012128059,0.422489646,0.006882871,0.004446538,0.005562338,0.020847135,0.002656449,0.000818344,0.0,-0.0011229476734965593,0.22779754819058984,0.1565950887506357,0.2762323843906152,train
42,3.377552428,3.017928776,3.869862546,3.536498321,0.265148243,0.637645349,0.365462282,0.411832679,0.15178192,0.168240211,0.031569513,0.598526975,0.002404358,0.007372448,0.007273044,0.057761964,0.002209008,0.001245165,0.0,0.019757271340207907,0.2279110454918363,0.28475301280214105,0.2748607861982323,train
43,3.377552428,3.017928776,3.869862546,3.536498321,0.265148243,0.637645349,0.365462282,0.411832679,0.15178192,0.168240211,0.031569513,0.598526975,0.002404358,0.007372448,0.007273044,0.057761964,0.002209008,0.001245165,0.0,0.019757271340207907,0.2279110454918363,0.28475301280214105,0.2748607861982323,train
44,3.377552428,3.017928776,3.869862546,3.536498321,0.265148243,0.637645349,0.365462282,0.411832679,0.15178192,0.168240211,0.031569513,0.598526975,0.002404358,0.007372448,0.007273044,0.057761964,0.002209008,0.001245165,0.0,0.019757271340207907,0.2279110454918363,0.28475301280214105,0.2748607861982323,train
45,3.827400007,1.660806259,1.415696958,2.531470457,0.442305385,0.009580728,0.153128116,0.457363022,0.000197011,0.416607041,3.9184e-05,1.22523291,0.001857225,1.3753e-05,8.52e-05,9.468e-06,0.004006835,0.005564127,0.0,0.027872848669846274,0.22814004512470692,0.02606498540589931,0.2919490303244037,train
46,3.827400007,1.660806259,1.415696958,2.531470457,0.442305385,0.009580728,0.153128116,0.457363022,0.000197011,0.416607041,3.9184e-05,1.22523291,0.001857225,1.3753e-05,8.52e-05,9.468e-06,0.004006835,0.005564127,0.0,0.027872848669846274,0.22814004512470692,0.02606498540589931,0.2919490303244037,train
47,3.827400007,1.660806259,1.415696958,2.531470457,0.442305385,0.009580728,0.153128116,0.457363022,0.000197011,0.416607041,3.9184e-05,1.22523291,0.001857225,1.3753e-05,8.52e-05,9.468e-06,0.004006835,0.005564127,0.0,0.027872848669846274,0.22814004512470692,0.02606498540589931,0.2919490303244037,train
48,0.77481715,2.691857922,0.124028677,2.758072986,0.197427738,0.505421103,0.188287943,0.041730002,0.005555885,0.220457877,0.046169251,1.787436054,0.006336033,0.004029109,0.007491587,0.035421865,0.001624896,0.001788573,0.0,0.02733687771611146,0.22806196533615933,0.13386059461087996,0.2376644771925332,train
49,0.77481715,2.691857922,0.124028677,2.758072986,0.197427738,0.505421103,0.188287943,0.041730002,0.005555885,0.220457877,0.046169251,1.787436054,0.006336033,0.004029109,0.007491587,0.035421865,0.001624896,0.001788573,0.0,0.02733687771611146,0.22806196533615933,0.13386059461087996,0.2376644771925332,train
50,0.77481715,2.691857922,0.124028677,2.758072986,0.197427738,0.505421103,0.188287943,0.041730002,0.005555885,0.220457877,0.046169251,1.787436054,0.006336033,0.004029109,0.007491587,0.035421865,0.001624896,0.001788573,0.0,0.02733687771611146,0.22806196533615933,0.13386059461087996,0.2376644771925332,train
51,2.115054251,1.740912548,0.548617598,3.350519638,0.232480363,0.565617284,0.383747484,0.425551952,0.063294155,0.059265576,0.049456385,1.171373309,0.008372987,0.002145386,0.003686042,0.030484458,0.008471461,0.00706687,0.0,0.04311081531333987,0.22808357471579027,0.00778426939307769,0.2485914298619379,train
52,2.115054251,1.740912548,0.548617598,3.350519638,0.232480363,0.565617284,0.383747484,0.425551952,0.063294155,0.059265576,0.049456385,1.171373309,0.008372987,0.002145386,0.003686042,0.030484458,0.008471461,0.00706687,0.0,0.04311081531333987,0.22808357471579027,0.00778426939307769,0.2485914298619379,train
53,2.115054251,1.740912548,0.548617598,3.350519638,0.232480363,0.565617284,0.383747484,0.425551952,0.063294155,0.059265576,0.049456385,1.171373309,0.008372987,0.002145386,0.003686042,0.030484458,0.008471461,0.00706687,0.0,0.04311081531333987,0.22808357471579027,0.00778426939307769,0.2485914298619379,train
54,0.481555708,4.086223523,0.256026346,0.689894655,0.15510186,0.664190548,0.085023091,0.000425939,0.421427573,0.005430874,0.079823742,0.218290844,0.004995229,0.007811105,0.006097981,0.02146646,0.005371387,0.003571774,0.0,0.02526828527482545,0.2281156306762268,0.2890486349412604,0.24034108262578932,train
55,0.481555708,4.086223523,0.256026346,0.689894655,0.15510186,0.664190548,0.085023091,0.000425939,0.421427573,0.005430874,0.079823742,0.218290844,0.004995229,0.007811105,0.006097981,0.02146646,0.005371387,0.003571774,0.0,0.02526828527482545,0.2281156306762268,0.2890486349412604,0.24034108262578932,train
56,0.481555708,4.086223523,0.256026346,0.689894655,0.15510186,0.664190548,0.085023091,0.000425939,0.421427573,0.005430874,0.079823742,0.218290844,0.004995229,0.007811105,0.006097981,0.02146646,0.005371387,0.003571774,0.0,0.02526828527482545,0.2281156306762268,0.2890486349412604,0.24034108262578932,train
57,1.827199629,0.603788741,1.255891288,2.420110875,0.388020786,0.526980517,0.056734715,0.324601343,0.257078432,0.341198641,0.021430792,0.826256402,0.003109476,0.002024025,0.00313033,8.6015e-05,6.1101e-05,4.077e-06,0.04,-0.007448957310499459,0.22785806631441735,0.015558113821754278,0.24181621855418434,train
58,1.827199629,0.603788741,1.255891288,2.420110875,0.388020786,0.526980517,0.056734715,0.324601343,0.257078432,0.341198641,0.021430792,0.826256402,0.003109476,0.002024025,0.00313033,8.6015e-05,6.1101e-05,4.077e-06,0.04,-0.007448957310499459,0.22785806631441735,0.015558113821754278,0.24181621855418434,train
59,1.827199629,0.603788741,1.255891288,2.420110875,0.388020786,0.526980517,0.056734715,0.324601343,0.257078432,0.341198641,0.021430792,0.826256402,0.003109476,0.002024025,0.00313033,8.6015e-05,6.1101e-05,4.077e-06,0.04,-0.007448957310499459,0.22785806631441735,0.015558113821754278,0.24181621855418434,train
60,0.224278081,2.18775843,4.072516779,1.859506039,0.305770523,0.804357289,0.414533148,0.168336143,0.001262131,0.407813151,0.020341666,0.303579704,0.004096461,0.007678304,0.007959068,0.058180653,0.004754744,0.004337006,0.0,-0.025397393682898468,0.22813161542632304,0.08220277743649643,0.2543038296306183,train
61,0.224278081,2.18775843,4.072516779,1.859506039,0.305770523,0.804357289,0.414533148,0.168336143,0.001262131,0.407813151,0.020341666,0.303579704,0.004096461,0.007678304,0.007959068,0.058180653,0.004754744,0.004337006,0.0,-0.025397393682898468,0.22813161542632304,0.08220277743649643,0.2543038296306183,train
62,0.224278081,2.18775843,4.072516779,1.859506039,0.305770523,0.804357289,0.414533148,0.168336143,0.001262131,0.407813151,0.020341666,0.303579704,0.004096461,0.007678304,0.007959068,0.058180653,0.004754744,0.004337006,0.0,-0.025397393682898468,0.22813161542632304,0.08220277743649643,0.2543038296306183,train
63,2.252115714,2.451113031,3.299582281,4.583264286,0.440933048,0.344292483,0.249393292,0.001439338,0.001344961,0.132019945,0.088370019,1.587639997,0.004377065,0.000430104,0.002973606,0.020971544,0.001033008,0.00490903,0.0,0.025964371536377404,0.22802382858634948,0.05929699570341038,0.27496773844792816,train
64,2.252115714,2.451113031,3.299582281,4.583264286,0.440933048,0.344292483,0.249393292,0.001439338,0.001344961,0.132019945,0.088370019,1.587639997,0.004377065,0.000430104,0.002973606,0.020971544,0.001033008,0.00490903,0.0,0.025964371536377404,0.22802382858634948,0.05929699570341038,0.27496773844792816,train
65,2.252115714,2.451113031,3.299582281,4.583264286,0.440933048,0.344292483,0.249393292,0.001439338,0.001344961,0.132019945,0.088370019,1.587639997,0.004377065,0.000430104,0.002973606,0.020971544,0.001033008,0.00490903,0.0,0.025964371536377404,0.22802382858634948,0.05929699570341038,0.27496773844792816,train
66,4.428172661,4.111102507,0.440953793,3.078971159,0.264035213,0.562318262,0.459752006,0.18542921,0.274971487,0.30175847,0.097336162,1.15081277,4.8061e-05,8.2524e-05,0.001783492,0.005572401,0.004561092,0.00217502,0.0,0.018680224118172904,0.22790040547477314,0.1685287237404151,0.24240822627885553,train
67,4.428172661,4.111102507,0.440953793,3.078971159,0.264035213,0.562318262,0.459752006,0.18542921,0.274971487,0.30175847,0.097336162,1.15081277,4.8061e-05,8.2524e-05,0.001783492,0.005572401,0.004561092,0.00217502,0.0,0.018680224118172904,0.22790040547477314,0.1685287237404151,0.24240822627885553,train
68,4.428172661,4.111102507,0.440953793,3.078971159,0.264035213,0.562318262,0.459752006,0.18542921,0.274971487,0.30175847,0.097336162,1.15081277,4.8061e-05,8.2524e-05,0.001783492,0.005572401,0.004561092,0.00217502,0.0,0.018680224118172904,0.22790040547477314,0.1685287237404151,0.24240822627885553,train
69,1.667504183,3.951655488,2.03200504,0.173047496,0.000144749,0.738243181,0.422654206,0.227144693,0.01378733,0.345653203,2.3606e-05,1.468966747,0.005356111,0.005899887,3.4878e-05,0.055245525,0.008178301,0.006175908,0.0,0.012286427503373647,0.2278596495433832,0.33697146062213634,0.2348374197005299,train
70,1.667504183,3.951655488,2.03200504,0.173047496,0.000144749,0.738243181,0.422654206,0.227144693,0.01378733,0.345653203,2.3606e-05,1.468966747,0.005356111,0.005899887,3.4878e-05,0.055245525,0.008178301,0.006175908,0.0,0.012286427503373647,0.2278596495433832,0.33697146062213634,0.2348374197005299,train
71,1.667504183,3.951655488,2.03200504,0.173047496,0.000144749,0.738243181,0.422654206,0.227144693,0.01378733,0.345653203,2.3606e-05,1.468966747,0.005356111,0.005899887,3.4878e-05,0.055245525,0.008178301,0.006175908,0.0,0.012286427503373647,0.2278596495433832,0.33697146062213634,0.2348374197005299,train
72,4.72403723,1.249026676,2.252033808,3.586507588,0.332877651,0.030840742,0.156537098,0.339472169,0.112268308,0.269445109,0.031144582,0.186250069,0.009306248,0.008275578,3.496e-06,0.018430361,0.000178043,0.004672653,0.0,0.02728341613097647,0.2280953876090909,0.05530179179020171,0.29326385990042986,train
73,4.72403723,1.249026676,2.252033808,3.586507588,0.332877651,0.030840742,0.156537098,0.339472169,0.112268308,0.269445109,0.031144582,0.186250069,0.009306248,0.008275578,3.496e-06,0.018430361,0.000178043,0.004672653,0.04,0.02728341613097647,0.2280953876090909,0.05530179179020171,0.29326385990042986,train
74,4.72403723,1.249026676,2.252033808,3.586507588,0.332877651,0.030840742,0.156537098,0.339472169,0.112268308,0.269445109,0.031144582,0.186250069,0.009306248,0.008275578,3.496e-06,0.018430361,0.000178043,0.004672653,0.14,0.02728341613097647,0.2280953876090909,0.05530179179020171,0.29326385990042986,train
75,1.5,1.43,0.5,0.5,0.00225,0.011,0.005,0.005,0.0017,0.0016,8.5e-05,0.005,0.0001,0.0001,0.0001,0.0001,0.0001,0.0001,10.54,1.0335450084269069,0.22794497419044896,0.48523374489975457,0.19375844002339634,train
76,1.5,1.43,0.5,0.5,0.00225,0.011,0.005,0.005,0.0017,0.0016,8.5e-05,0.005,0.0001,0.0001,0.0001,0.0001,0.0001,0.0001,10.92,1.0335450084269069,0.22794497419044896,0.48523374489975457,0.19375844002339634,train
77,1.5,1.43,0.5,0.5,0.00225,0.011,0.005,0.005,0.0017,0.0016,8.5e-05,0.005,0.0001,0.0001,0.0001,0.0001,0.0001,0.0001,10.63,1.0335450084269069,0.22794497419044896,0.48523374489975457,0.19375844002339634,train
78,4.087561812,2.1315185,2.837719599,2.355411948,0.425586097,1.040215475,0.005710531,0.002431909,0.134524409,0.388365606,0.077741431,2.260173263,0.007791344,0.000308245,0.004017413,0.001243891,7.3616e-05,8.0863e-05,0.0,-0.0046949834648317675,0.2278057374391678,0.26441128104558737,0.2920709219363273,train
79,4.087561812,2.1315185,2.837719599,2.355411948,0.425586097,1.040215475,0.005710531,0.002431909,0.134524409,0.388365606,0.077741431,2.260173263,0.007791344,0.000308245,0.004017413,0.001243891,7.3616e-05,8.0863e-05,0.0,-0.0046949834648317675,0.2278057374391678,0.26441128104558737,0.2920709219363273,train
80,4.087561812,2.1315185,2.837719599,2.355411948,0.425586097,1.040215475,0.005710531,0.002431909,0.134524409,0.388365606,0.077741431,2.260173263,0.007791344,0.000308245,0.004017413,0.001243891,7.3616e-05,8.0863e-05,0.0,-0.0046949834648317675,0.2278057374391678,0.26441128104558737,0.2920709219363273,train
81,2.786426464,4.237225353,0.77082334,1.491823324,0.169504443,0.109428456,0.201263147,0.23544025,0.000942893,0.000389611,0.043092112,1.937865143,0.00079179,0.00203517,0.007110168,0.063147816,0.005518514,0.002184682,3.0,0.3298721517233194,0.22802446023768544,0.019637309500117696,0.21691716491368546,train
82,2.786426464,4.237225353,0.77082334,1.491823324,0.169504443,0.109428456,0.201263147,0.23544025,0.000942893,0.000389611,0.043092112,1.937865143,0.00079179,0.00203517,0.007110168,0.063147816,0.005518514,0.002184682,4.0,0.3298721517233194,0.22802446023768544,0.019637309500117696,0.21691716491368546,train
83,2.786426464,4.237225353,0.77082334,1.491823324,0.169504443,0.109428456,0.201263147,0.23544025,0.000942893,0.000389611,0.043092112,1.937865143,0.00079179,0.00203517,0.007110168,0.063147816,0.005518514,0.002184682,3.9,0.3298721517233194,0.22802446023768544,0.019637309500117696,0.21691716491368546,train
84,2.694586198,1.935401548,3.386307086,1.902572206,0.060754608,0.902309174,0.068073341,0.080834578,0.166143683,0.001436442,0.008608374,1.535970262,0.00829231,0.005145715,0.009271068,0.013445026,0.005993584,2.0147e-05,0.0,0.010057957187773452,0.22784161872157385,0.22759807440203567,0.29240553263429625,train
85,2.694586198,1.935401548,3.386307086,1.902572206,0.060754608,0.902309174,0.068073341,0.080834578,0.166143683,0.001436442,0.008608374,1.535970262,0.00829231,0.005145715,0.009271068,0.013445026,0.005993584,2.0147e-05,0.0,0.010057957187773452,0.22784161872157385,0.22759807440203567,0.29240553263429625,train
86,2.694586198,1.935401548,3.386307086,1.902572206,0.060754608,0.902309174,0.068073341,0.080834578,0.166143683,0.001436442,0.008608374,1.535970262,0.00829231,0.005145715,0.009271068,0.013445026,0.005993584,2.0147e-05,0.0,0.010057957187773452,0.22784161872157385,0.22759807440203567,0.29240553263429625,train
87,2.493256465,3.169519745,1.270231913,0.853978922,0.000756107,0.06832793,0.257755021,0.219209627,0.073848153,0.18560457,0.016113214,0.10656146,0.005429698,0.004649293,0.005113794,0.051399228,0.005672851,0.004498596,0.0,0.031388276217563855,0.22804192271678952,0.01784003128875801,0.19308839418228632,train
88,2.493256465,3.169519745,1.270231913,0.853978922,0.000756107,0.06832793,0.257755021,0.219209627,0.073848153,0.18560457,0.016113214,0.10656146,0.005429698,0.004649293,0.005113794,0.051399228,0.005672851,0.004498596,0.0,0.031388276217563855,0.22804192271678952,0.01784003128875801,0.19308839418228632,train
89,2.493256465,3.169519745,1.270231913,0.853978922,0.000756107,0.06832793,0.257755021,0.219209627,0.073848153,0.18560457,0.016113214,0.10656146,0.005429698,0.004649293,0.005113794,0.051399228,0.005672851,0.004498596,0.0,0.031388276217563855,0.22804192271678952,0.01784003128875801,0.19308839418228632,train
90,1.261193963,1.986857139,1.630510234,4.233476606,0.014086347,0.423404916,0.282928053,0.344481211,0.179411447,0.03134641,0.002042137,0.938592574,0.006811384,0.004930645,0.000678019,0.040954748,0.004342015,0.007918312,5.6,0.5764748042419403,0.22812769115375645,0.002135370100995582,0.21679974970586866,train
91,1.261193963,1.986857139,1.630510234,4.233476606,0.014086347,0.423404916,0.282928053,0.344481211,0.179411447,0.03134641,0.002042137,0.938592574,0.006811384,0.004930645,0.000678019,0.040954748,0.004342015,0.007918312,7.1,0.5764748042419403,0.22812769115375645,0.002135370100995582,0.21679974970586866,train
92,1.261193963,1.986857139,1.630510234,4.233476606,0.014086347,0.423404916,0.282928053,0.344481211,0.179411447,0.03134641,0.002042137,0.938592574,0.006811384,0.004930645,0.000678019,0.040954748,0.004342015,0.007918312,6.9,0.5764748042419403,0.22812769115375645,0.002135370100995582,0.21679974970586866,train
93,3.390381602,1.329714498,4.80424448,0.622828316,0.151476391,0.048409575,0.321441432,0.144880703,0.000463822,0.450345249,0.038273757,2.409318745,0.008392447,0.007099733,0.006288857,0.023669105,0.007584034,0.008523657,8.3,0.8294778594737577,0.2279671322551489,0.03475346837694028,0.24919668857835212,train
94,3.390381602,1.329714498,4.80424448,0.622828316,0.151476391,0.048409575,0.321441432,0.144880703,0.000463822,0.450345249,0.038273757,2.409318745,0.008392447,0.007099733,0.006288857,0.023669105,0.007584034,0.008523657,9.4,0.8294778594737577,0.2279671322551489,0.03475346837694028,0.24919668857835212,train
95,3.390381602,1.329714498,4.80424448,0.622828316,0.151476391,0.048409575,0.321441432,0.144880703,0.000463822,0.450345249,0.038273757,2.409318745,0.008392447,0.007099733,0.006288857,0.023669105,0.007584034,0.008523657,9.6,0.8294778594737577,0.2279671322551489,0.03475346837694028,0.24919668857835212,train
96,2.415477257,2.88131322,0.508384293,3.144527712,0.145160091,0.851780048,0.01873366,0.190221723,0.041165686,0.201087779,6.3446e-05,1.436079627,0.001144451,0.004589622,0.001815795,0.053692683,0.000766341,0.003636811,0.0,0.0097481773305269,0.22782496923346973,0.0036760174426748167,0.24859676936146133,train
97,2.415477257,2.88131322,0.508384293,3.144527712,0.145160091,0.851780048,0.01873366,0.190221723,0.041165686,0.201087779,6.3446e-05,1.436079627,0.001144451,0.004589622,0.001815795,0.053692683,0.000766341,0.003636811,0.0,0.0097481773305269,0.22782496923346973,0.0036760174426748167,0.24859676936146133,train
98,2.415477257,2.88131322,0.508384293,3.144527712,0.145160091,0.851780048,0.01873366,0.190221723,0.041165686,0.201087779,6.3446e-05,1.436079627,0.001144451,0.004589622,0.001815795,0.053692683,0.000766341,0.003636811,0.0,0.0097481773305269,0.22782496923346973,0.0036760174426748167,0.24859676936146133,train
99,0.878782749,2.91621742,1.428195985,1.528326193,0.028737753,0.00503695,0.169341668,0.304211086,0.102105869,0.000190567,0.073604429,1.879549174,0.004794851,0.005724915,0.004031398,0.037900298,0.003084635,5.4594e-05,5.5,0.5485449930780355,0.2282073242677203,0.02631764414792818,0.19354363504485347,train
100,0.878782749,2.91621742,1.428195985,1.528326193,0.028737753,0.00503695,0.169341668,0.304211086,0.102105869,0.000190567,0.073604429,1.879549174,0.004794851,0.005724915,0.004031398,0.037900298,0.003084635,5.4594e-05,6.3,0.5485449930780355,0.2282073242677203,0.02631764414792818,0.19354363504485347,train
101,0.878782749,2.91621742,1.428195985,1.528326193,0.028737753,0.00503695,0.169341668,0.304211086,0.102105869,0.000190567,0.073604429,1.879549174,0.004794851,0.005724915,0.004031398,0.037900298,0.003084635,5.4594e-05,6.2,0.5485449930780355,0.2282073242677203,0.02631764414792818,0.19354363504485347,train
102,0.764885236,3.881331715,3.990435139,1.590528178,0.156698769,0.464343686,0.002425358,0.410122117,0.036425438,0.146320694,0.048072245,0.882444067,9.133e-06,0.006254266,0.007826972,6.7258e-05,3.9229e-05,0.007468962,0.0,0.024063320960738904,0.22811092382157877,0.2791036097202052,0.23552951226660102,train
103,0.764885236,3.881331715,3.990435139,1.590528178,0.156698769,0.464343686,0.002425358,0.410122117,0.036425438,0.146320694,0.048072245,0.882444067,9.133e-06,0.006254266,0.007826972,6.7258e-05,3.9229e-05,0.007468962,0.0,0.024063320960738904,0.22811092382157877,0.2791036097202052,0.23552951226660102,train
104,0.764885236,3.881331715,3.990435139,1.590528178,0.156698769,0.464343686,0.002425358,0.410122117,0.036425438,0.146320694,0.048072245,0.882444067,9.133e-06,0.006254266,0.007826972,6.7258e-05,3.9229e-05,0.007468962,0.0,0.024063320960738904,0.22811092382157877,0.2791036097202052,0.23552951226660102,train
105,0.941649247,3.82160697,2.731819806,0.886645474,0.180151796,0.815172604,0.173452533,0.002699361,0.374671059,0.143441947,0.059238389,0.881908064,6.247e-05,0.002538498,0.002080955,0.045875414,0.001238416,0.00482224,0.0,-0.02398501014043996,0.22813065387025228,0.3196609631517555,0.2924108035716461,train
106,0.941649247,3.82160697,2.731819806,0.886645474,0.180151796,0.815172604,0.173452533,0.002699361,0.374671059,0.143441947,0.059238389,0.881908064,6.247e-05,0.002538498,0.002080955,0.045875414,0.001238416,0.00482224,0.0,-0.02398501014043996,0.22813065387025228,0.3196609631517555,0.2924108035716461,train
107,0.941649247,3.82160697,2.731819806,0.886645474,0.180151796,0.815172604,0.173452533,0.002699361,0.374671059,0.143441947,0.059238389,0.881908064,6.247e-05,0.002538498,0.002080955,0.045875414,0.001238416,0.00482224,0.0,-0.02398501014043996,0.22813065387025228,0.3196609631517555,0.2924108035716461,train
108,3.569794079,0.77674774,3.685059392,3.776892913,0.218171151,0.173088847,0.222995529,0.118005583,0.211381814,0.357670199,0.08444214,0.294852573,0.00574096,0.008237954,0.004530017,0.053174112,0.007375686,0.008480746,0.0,0.02576591530573283,0.2280924168336021,-0.0010059712588601833,0.21685654942835367,train
109,3.569794079,0.77674774,3.685059392,3.776892913,0.218171151,0.173088847,0.222995529,0.118005583,0.211381814,0.357670199,0.08444214,0.294852573,0.00574096,0.008237954,0.004530017,0.053174112,0.007375686,0.008480746,0.0,0.02576591530573283,0.2280924168336021,-0.0010059712588601833,0.21685654942835367,train
110,3.569794079,0.77674774,3.685059392,3.776892913,0.218171151,0.173088847,0.222995529,0.118005583,0.211381814,0.357670199,0.08444214,0.294852573,0.00574096,0.008237954,0.004530017,0.053174112,0.007375686,0.008480746,0.0,0.02576591530573283,0.2280924168336021,-0.0010059712588601833,0.21685654942835367,train
111,4.506752818,0.821058518,1.989567051,2.834584217,0.239586278,1.084730598,0.177790589,0.088116337,0.398971462,0.017844909,0.074524716,1.411107966,0.007672927,0.001744613,0.00011915,8.0645e-05,0.008423793,0.001702971,0.0,0.015009236903608256,0.22796650288699893,0.15302564418455794,0.1935790103333893,train
112,4.506752818,0.821058518,1.989567051,2.834584217,0.239586278,1.084730598,0.177790589,0.088116337,0.398971462,0.017844909,0.074524716,1.411107966,0.007672927,0.001744613,0.00011915,8.0645e-05,0.008423793,0.001702971,0.0,0.015009236903608256,0.22796650288699893,0.15302564418455794,0.1935790103333893,train
113,4.506752818,0.821058518,1.989567051,2.834584217,0.239586278,1.084730598,0.177790589,0.088116337,0.398971462,0.017844909,0.074524716,1.411107966,0.007672927,0.001744613,0.00011915,8.0645e-05,0.008423793,0.001702971,0.0,0.015009236903608256,0.22796650288699893,0.15302564418455794,0.1935790103333893,train
114,4.158143824,3.721470828,1.515161869,0.091348738,0.353941362,0.19711045,0.375400765,0.003102232,0.08355596,0.394777608,0.000585369,1.263610154,0.007972208,0.001072265,1.5431e-05,0.022760156,0.003705927,0.008175341,8.4,0.7562387167829723,0.22834391522998787,0.11778785694394862,0.2346080823568129,train
115,4.158143824,3.721470828,1.515161869,0.091348738,0.353941362,0.19711045,0.375400765,0.003102232,0.08355596,0.394777608,0.000585369,1.263610154,0.007972208,0.001072265,1.5431e-05,0.022760156,0.003705927,0.008175341,8.8,0.7562387167829723,0.22834391522998787,0.11778785694394862,0.2346080823568129,train
116,4.158143824,3.721470828,1.515161869,0.091348738,0.353941362,0.19711045,0.375400765,0.003102232,0.08355596,0.394777608,0.000585369,1.263610154,0.007972208,0.001072265,1.5431e-05,0.022760156,0.003705927,0.008175341,8.3,0.7562387167829723,0.22834391522998787,0.11778785694394862,0.2346080823568129,train
117,2.1111993,1.716169502,0.985340666,3.171954866,0.295874715,0.73493398,0.004423422,0.240875402,0.450310384,0.186065963,0.081577543,2.46013697,0.002584169,0.009842456,5.3339e-05,0.01402681,1.4477e-05,0.003354836,0.0,0.026152963265090094,0.22811548824605335,0.1775688715383775,0.2749369183552482,train
118,2.1111993,1.716169502,0.985340666,3.171954866,0.295874715,0.73493398,0.004423422,0.240875402,0.450310384,0.186065963,0.081577543,2.46013697,0.002584169,0.009842456,5.3339e-05,0.01402681,1.4477e-05,0.003354836,0.0,0.026152963265090094,0.22811548824605335,0.1775688715383775,0.2749369183552482,train
119,2.1111993,1.716169502,0.985340666,3.171954866,0.295874715,0.73493398,0.004423422,0.240875402,0.450310384,0.186065963,0.081577543,2.46013697,0.002584169,0.009842456,5.3339e-05,0.01402681,1.4477e-05,0.003354836,0.0,0.026152963265090094,0.22811548824605335,0.1775688715383775,0.2749369183552482,train
120,1.201057935,0.922068997,3.948703109,4.177577071,0.00086421,0.706327311,0.324190049,0.108308018,0.394231392,0.402585318,0.024194131,0.813646779,0.003130129,0.002788368,0.005682554,0.027990872,0.00765726,0.005969473,0.0,0.04504927978507178,0.22859866620174746,0.0039157359399652324,0.24197605160163296,train
121,1.201057935,0.922068997,3.948703109,4.177577071,0.00086421,0.706327311,0.324190049,0.108308018,0.394231392,0.402585318,0.024194131,0.813646779,0.003130129,0.002788368,0.005682554,0.027990872,0.00765726,0.005969473,0.0,0.04504927978507178,0.22859866620174746,0.0039157359399652324,0.24197605160163296,train
122,1.201057935,0.922068997,3.948703109,4.177577071,0.00086421,0.706327311,0.324190049,0.108308018,0.394231392,0.402585318,0.024194131,0.813646779,0.003130129,0.002788368,0.005682554,0.027990872,0.00765726,0.005969473,0.0,0.04504927978507178,0.22859866620174746,0.0039157359399652324,0.24197605160163296,train
123,0.414972564,2.614146487,4.226121439,3.008910597,0.168666093,0.760515452,0.304695127,0.177616403,0.291564577,0.000822656,0.039097854,1.031784556,0.00095181,4.8839e-05,0.001101502,0.061615057,0.006640731,0.000876508,0.0,-0.016474274739719828,0.22796423877526498,0.003916649177084886,0.23978463684514956,train
124,0.414972564,2.614146487,4.226121439,3.008910597,0.168666093,0.760515452,0.304695127,0.177616403,0.291564577,0.000822656,0.039097854,1.031784556,0.00095181,4.8839e-05,0.001101502,0.061615057,0.006640731,0.000876508,0.0,-0.016474274739719828,0.22796423877526498,0.003916649177084886,0.23978463684514956,train
125,0.414972564,2.614146487,4.226121439,3.008910597,0.168666093,0.760515452,0.304695127,0.177616403,0.291564577,0.000822656,0.039097854,1.031784556,0.00095181,4.8839e-05,0.001101502,0.061615057,0.006640731,0.000876508,0.0,-0.016474274739719828,0.22796423877526498,0.003916649177084886,0.23978463684514956,train
126,3.364285985,2.431909404,0.8968651,2.362941825,0.001213607,0.082220626,4.4751e-05,0.01711786,0.051578512,0.24070071,0.02336057,0.003827081,0.001858653,0.005395634,0.0005821,0.035929705,0.003359517,0.000362273,0.0,0.027910154767455512,0.22806154358906428,0.02185828152321647,0.23988933732798334,train
127,3.364285985,2.431909404,0.8968651,2.362941825,0.001213607,0.082220626,4.4751e-05,0.01711786,0.051578512,0.24070071,0.02336057,0.003827081,0.001858653,0.005395634,0.0005821,0.035929705,0.003359517,0.000362273,0.0,0.027910154767455512,0.22806154358906428,0.02185828152321647,0.23988933732798334,train
128,3.364285985,2.431909404,0.8968651,2.362941825,0.001213607,0.082220626,4.4751e-05,0.01711786,0.051578512,0.24070071,0.02336057,0.003827081,0.001858653,0.005395634,0.0005821,0.035929705,0.003359517,0.000362273,0.0,0.027910154767455512,0.22806154358906428,0.02185828152321647,0.23988933732798334,train
129,1.489337645,0.815738608,0.198613863,2.240312078,0.099947443,0.288970552,0.357411418,0.197482927,0.273914919,0.198596063,0.034472986,1.551383465,0.003327234,2.2304e-05,0.007711434,0.050559292,0.006933478,0.006795155,10.6,0.9300545839354486,0.22849763917177032,0.008422879147032625,0.21677728231598012,train
130,1.489337645,0.815738608,0.198613863,2.240312078,0.099947443,0.288970552,0.357411418,0.197482927,0.273914919,0.198596063,0.034472986,1.551383465,0.003327234,2.2304e-05,0.007711434,0.050559292,0.006933478,0.006795155,10.5,0.9300545839354486,0.22849763917177032,0.008422879147032625,0.21677728231598012,train
131,1.489337645,0.815738608,0.198613863,2.240312078,0.099947443,0.288970552,0.357411418,0.197482927,0.273914919,0.198596063,0.034472986,1.551383465,0.003327234,2.2304e-05,0.007711434,0.050559292,0.006933478,0.006795155,10.6,0.9300545839354486,0.22849763917177032,0.008422879147032625,0.21677728231598012,train
132,0.9789105,2.724771971,3.022033061,1.9746614,0.053243458,0.264896195,0.279953536,0.333764349,0.222559097,0.156349664,0.091315921,0.001639397,0.001562023,0.001096629,0.002826784,0.007783249,9.7105e-05,0.009038822,0.0,0.024941374056565012,0.22811232228833125,0.015941645487886187,0.24868876313556187,train
133,0.9789105,2.724771971,3.022033061,1.9746614,0.053243458,0.264896195,0.279953536,0.333764349,0.222559097,0.156349664,0.091315921,0.001639397,0.001562023,0.001096629,0.002826784,0.007783249,9.7105e-05,0.009038822,0.0,0.024941374056565012,0.22811232228833125,0.015941645487886187,0.24868876313556187,train
134,0.9789105,2.724771971,3.022033061,1.9746614,0.053243458,0.264896195,0.279953536,0.333764349,0.222559097,0.156349664,0.091315921,0.001639397,0.001562023,0.001096629,0.002826784,0.007783249,9.7105e-05,0.009038822,0.0,0.024941374056565012,0.22811232228833125,0.015941645487886187,0.24868876313556187,train
135,2.325279123,3.793890178,0.77642793,4.711501456,0.365886736,0.81802901,0.003992375,0.159531638,0.365587179,0.312360777,0.0857103,0.00329268,0.005296171,0.003648883,0.001200664,4.4295e-05,0.004773424,0.008637357,0.0,0.0021659485521258936,0.2278122104466391,0.07832460625359286,0.23964821552350887,train
136,2.325279123,3.793890178,0.77642793,4.711501456,0.365886736,0.81802901,0.003992375,0.159531638,0.365587179,0.312360777,0.0857103,0.00329268,0.005296171,0.003648883,0.001200664,4.4295e-05,0.004773424,0.008637357,0.0,0.0021659485521258936,0.2278122104466391,0.07832460625359286,0.23964821552350887,train
137,2.325279123,3.793890178,0.77642793,4.711501456,0.365886736,0.81802901,0.003992375,0.159531638,0.365587179,0.312360777,0.0857103,0.00329268,0.005296171,0.003648883,0.001200664,4.4295e-05,0.004773424,0.008637357,0.0,0.0021659485521258936,0.2278122104466391,0.07832460625359286,0.23964821552350887,train
138,4.301794452,0.884484599,1.220180193,4.306578281,0.127024097,0.000536435,0.001741244,0.004758689,0.38211617,0.199514861,0.016551967,0.002208863,0.003362371,0.008397492,6.2951e-05,0.016509017,5.5117e-05,0.007824942,0.0,0.02621860520580615,0.22812536051688115,0.024082824420453626,0.24894644316258718,train
139,4.301794452,0.884484599,1.220180193,4.306578281,0.127024097,0.000536435,0.001741244,0.004758689,0.38211617,0.199514861,0.016551967,0.002208863,0.003362371,0.008397492,6.2951e-05,0.016509017,5.5117e-05,0.007824942,0.0,0.02621860520580615,0.22812536051688115,0.024082824420453626,0.24894644316258718,train
140,4.301794452,0.884484599,1.220180193,4.306578281,0.127024097,0.000536435,0.001741244,0.004758689,0.38211617,0.199514861,0.016551967,0.002208863,0.003362371,0.008397492,6.2951e-05,0.016509017,5.5117e-05,0.007824942,0.0,0.02621860520580615,0.22812536051688115,0.024082824420453626,0.24894644316258718,train
141,1.31493606,3.635178999,3.799660883,0.974680268,0.119712077,0.122638291,0.069198923,0.327598296,0.247870899,0.374097161,0.061845142,0.438358467,8.2361e-05,0.001388896,0.008426056,0.044032442,0.006961863,0.000126023,0.0,-0.01563007113363753,0.22798004214901996,0.36168324506680993,0.25739090887904414,train
142,1.31493606,3.635178999,3.799660883,0.974680268,0.119712077,0.122638291,0.069198923,0.327598296,0.247870899,0.374097161,0.061845142,0.438358467,8.2361e-05,0.001388896,0.008426056,0.044032442,0.006961863,0.000126023,0.0,-0.01563007113363753,0.22798004214901996,0.36168324506680993,0.25739090887904414,train
143,1.31493606,3.635178999,3.799660883,0.974680268,0.119712077,0.122638291,0.069198923,0.327598296,0.247870899,0.374097161,0.061845142,0.438358467,8.2361e-05,0.001388896,0.008426056,0.044032442,0.006961863,0.000126023,0.0,-0.01563007113363753,0.22798004214901996,0.36168324506680993,0.25739090887904414,train
144,1.347706968,3.996181377,1.630601302,0.706079864,0.000596327,0.606550557,0.028847662,0.001809514,0.02869422,0.493001099,0.061974982,0.587548813,0.009697081,0.007275855,0.005054481,0.004734514,0.006863254,0.003541272,0.0,0.00039373469932312027,0.22779793439550788,0.0781886901755141,0.24202256400671876,train
145,1.347706968,3.996181377,1.630601302,0.706079864,0.000596327,0.606550557,0.028847662,0.001809514,0.02869422,0.493001099,0.061974982,0.587548813,0.009697081,0.007275855,0.005054481,0.004734514,0.006863254,0.003541272,0.0,0.00039373469932312027,0.22779793439550788,0.0781886901755141,0.24202256400671876,train
146,1.347706968,3.996181377,1.630601302,0.706079864,0.000596327,0.606550557,0.028847662,0.001809514,0.02869422,0.493001099,0.061974982,0.587548813,0.009697081,0.007275855,0.005054481,0.004734514,0.006863254,0.003541272,0.0,0.00039373469932312027,0.22779793439550788,0.0781886901755141,0.24202256400671876,train
147,2.643430531,2.220472932,2.292272761,0.049649231,0.476769236,0.416825739,0.470173232,0.057686207,0.200606319,0.000899691,0.05126914,0.003833329,0.007094401,0.008029992,0.001679426,3.5304e-05,0.00324925,9.102e-05,0.0,0.0244906160077604,0.22813149909281968,0.061328443300337654,0.2542410833650797,train
148,2.643430531,2.220472932,2.292272761,0.049649231,0.476769236,0.416825739,0.470173232,0.057686207,0.200606319,0.000899691,0.05126914,0.003833329,0.007094401,0.008029992,0.001679426,3.5304e-05,0.00324925,9.102e-05,0.0,0.0244906160077604,0.22813149909281968,0.061328443300337654,0.2542410833650797,train
149,2.643430531,2.220472932,2.292272761,0.049649231,0.476769236,0.416825739,0.470173232,0.057686207,0.200606319,0.000899691,0.05126914,0.003833329,0.007094401,0.008029992,0.001679426,3.5304e-05,0.00324925,9.102e-05,0.0,0.0244906160077604,0.22813149909281968,0.061328443300337654,0.2542410833650797,train
150,3.428819382,1.341367291,3.781297217,1.40767782,0.044357013,0.399549582,0.392033763,0.434811437,0.417773777,0.365131527,0.014513397,0.791130887,6.4374e-05,0.000430104,0.006342162,0.046242807,0.001630483,0.0062203,0.0,0.025196004035707986,0.22811451701705512,0.21361343047420667,0.2504190667339878,train
151,3.428819382,1.341367291,3.781297217,1.40767782,0.044357013,0.399549582,0.392033763,0.434811437,0.417773777,0.365131527,0.014513397,0.791130887,6.4374e-05,0.000430104,0.006342162,0.046242807,0.001630483,0.0062203,0.0,0.025196004035707986,0.22811451701705512,0.21361343047420667,0.2504190667339878,train
152,3.428819382,1.341367291,3.781297217,1.40767782,0.044357013,0.399549582,0.392033763,0.434811437,0.417773777,0.365131527,0.014513397,0.791130887,6.4374e-05,0.000430104,0.006342162,0.046242807,0.001630483,0.0062203,0.0,0.025196004035707986,0.22811451701705512,0.21361343047420667,0.2504190667339878,train
153,1.457623742,1.308321928,0.47393834,0.538452061,0.002376573,0.011334645,0.005346674,0.005443666,0.001841461,0.001629623,8.4166e-05,0.005192773,0.000109699,9.4538e-05,9.2011e-05,0.000108761,0.000101283,0.000105984,13.7,1.2116673554027295,0.22891765005512554,0.5868201117430956,0.30502805694738133,train
154,1.457623742,1.308321928,0.47393834,0.538452061,0.002376573,0.011334645,0.005346674,0.005443666,0.001841461,0.001629623,8.4166e-05,0.005192773,0.000109699,9.4538e-05,9.2011e-05,0.000108761,0.000101283,0.000105984,13.8,1.2116673554027295,0.22891765005512554,0.5868201117430956,0.30502805694738133,train
155,1.457623742,1.308321928,0.47393834,0.538452061,0.002376573,0.011334645,0.005346674,0.005443666,0.001841461,0.001629623,8.4166e-05,0.005192773,0.000109699,9.4538e-05,9.2011e-05,0.000108761,0.000101283,0.000105984,14.0,1.2116673554027295,0.22891765005512554,0.5868201117430956,0.30502805694738133,train
156,0.94775,1.167913,0.180028,0.978002,0.33733,0.135659,0.414452,0.075534,0.203132,0.37559,0.004325,1.986739,0.009158,0.001909,0.001446,0.06381,0.009425,0.008337,7.68,0.7728674929777953,0.2285704281864674,0.9450704476494992,0.24168151413411795,train
157,0.94775,1.167913,0.180028,0.978002,0.33733,0.135659,0.414452,0.075534,0.203132,0.37559,0.004325,1.986739,0.009158,0.001909,0.001446,0.06381,0.009425,0.008337,7.59,0.7728674929777953,0.2285704281864674,0.9450704476494992,0.24168151413411795,train
158,0.94775,1.167913,0.180028,0.978002,0.33733,0.135659,0.414452,0.075534,0.203132,0.37559,0.004325,1.986739,0.009158,0.001909,0.001446,0.06381,0.009425,0.008337,7.64,0.7728674929777953,0.2285704281864674,0.9450704476494992,0.24168151413411795,train
159,0.897217,1.101133,0.103716,0.508811,0.246048,0.042705,0.252029,0.243208,0.243781,0.064238,0.077014,1.672971,0.005974,0.00332,0.005676,0.044762,0.005606,0.005725,9.03,0.9707959701237265,0.22787373288758847,1.0862888264904371,0.23442864257296267,train
160,0.897217,1.101133,0.103716,0.508811,0.246048,0.042705,0.252029,0.243208,0.243781,0.064238,0.077014,1.672971,0.005974,0.00332,0.005676,0.044762,0.005606,0.005725,9.06,0.9707959701237265,0.22787373288758847,1.0862888264904371,0.23442864257296267,train
161,0.897217,1.101133,0.103716,0.508811,0.246048,0.042705,0.252029,0.243208,0.243781,0.064238,0.077014,1.672971,0.005974,0.00332,0.005676,0.044762,0.005606,0.005725,9.02,0.9707959701237265,0.22787373288758847,1.0862888264904371,0.23442864257296267,train
162,0.894846,1.100198,0.104923,0.506559,0.248216,0.132975,0.295962,0.221188,0.263114,0.070177,0.076708,1.67308,0.006048,0.003303,0.005809,0.04381,0.005576,0.005797,9.19,0.9687205272213159,0.22800755605171183,0.08298583880334,0.25464847010202035,train
163,0.894846,1.100198,0.104923,0.506559,0.248216,0.132975,0.295962,0.221188,0.263114,0.070177,0.076708,1.67308,0.006048,0.003303,0.005809,0.04381,0.005576,0.005797,9.14,0.9687205272213159,0.22800755605171183,0.08298583880334,0.25464847010202035,train
164,0.894846,1.100198,0.104923,0.506559,0.248216,0.132975,0.295962,0.221188,0.263114,0.070177,0.076708,1.67308,0.006048,0.003303,0.005809,0.04381,0.005576,0.005797,9.06,0.9687205272213159,0.22800755605171183,0.08298583880334,0.25464847010202035,train
165,0.635128,1.160442,1.036307,0.495889,0.291773,0.121539,0.42809,0.145395,0.250179,0.412893,0.047291,1.395122,0.003902,0.001668,0.005222,0.049524,0.008305,0.006198,0.76,0.16632421361434452,0.2284055696894087,0.3839167578256497,0.2759164877250199,train
166,0.635128,1.160442,1.036307,0.495889,0.291773,0.121539,0.42809,0.145395,0.250179,0.412893,0.047291,1.395122,0.003902,0.001668,0.005222,0.049524,0.008305,0.006198,0.95,0.16632421361434452,0.2284055696894087,0.3839167578256497,0.2759164877250199,train
167,0.635128,1.160442,1.036307,0.495889,0.291773,0.121539,0.42809,0.145395,0.250179,0.412893,0.047291,1.395122,0.003902,0.001668,0.005222,0.049524,0.008305,0.006198,1.26,0.16632421361434452,0.2284055696894087,0.3839167578256497,0.2759164877250199,train
168,1.135975,1.223237,0.954036,0.607179,0.066678,0.062673,0.205135,0.097682,0.153687,0.274961,0.007577,1.779558,0.006516,0.005693,0.005959,0.026943,0.008658,0.006775,8.21,0.8477264583414359,0.22825378410476113,0.27030573623113746,0.24281183325042022,train
169,1.135975,1.223237,0.954036,0.607179,0.066678,0.062673,0.205135,0.097682,0.153687,0.274961,0.007577,1.779558,0.006516,0.005693,0.005959,0.026943,0.008658,0.006775,8.12,0.8477264583414359,0.22825378410476113,0.27030573623113746,0.24281183325042022,train
170,1.135975,1.223237,0.954036,0.607179,0.066678,0.062673,0.205135,0.097682,0.153687,0.274961,0.007577,1.779558,0.006516,0.005693,0.005959,0.026943,0.008658,0.006775,8.16,0.8477264583414359,0.22825378410476113,0.27030573623113746,0.24281183325042022,train
171,0.863448,1.277408,0.200085,0.828237,0.12976,0.050816,0.3075,0.293988,0.26847,0.460747,0.037056,1.2963,0.004415,0.007491,0.00289,0.06381,0.009533,0.009676,0.0,0.03621090143641089,0.22801684264597014,0.4787927835392339,0.24041979241454792,train
172,0.863448,1.277408,0.200085,0.828237,0.12976,0.050816,0.3075,0.293988,0.26847,0.460747,0.037056,1.2963,0.004415,0.007491,0.00289,0.06381,0.009533,0.009676,0.0,0.03621090143641089,0.22801684264597014,0.4787927835392339,0.24041979241454792,train
173,0.863448,1.277408,0.200085,0.828237,0.12976,0.050816,0.3075,0.293988,0.26847,0.460747,0.037056,1.2963,0.004415,0.007491,0.00289,0.06381,0.009533,0.009676,0.0,0.03621090143641089,0.22801684264597014,0.4787927835392339,0.24041979241454792,train
174,0.314702,1.080844,0.56956,0.604067,0.230908,0.365419,0.466041,0.081576,0.222177,0.265009,0.02921,0.972446,0.007818,0.000151,0.001785,0.010925,0.004977,0.003776,0.0,0.02770967884704663,0.22806264279210328,0.10852699534086624,0.23525855166421974,train
175,0.314702,1.080844,0.56956,0.604067,0.230908,0.365419,0.466041,0.081576,0.222177,0.265009,0.02921,0.972446,0.007818,0.000151,0.001785,0.010925,0.004977,0.003776,0.0,0.02770967884704663,0.22806264279210328,0.10852699534086624,0.23525855166421974,train
176,0.314702,1.080844,0.56956,0.604067,0.230908,0.365419,0.466041,0.081576,0.222177,0.265009,0.02921,0.972446,0.007818,0.000151,0.001785,0.010925,0.004977,0.003776,0.0,0.02770967884704663,0.22806264279210328,0.10852699534086624,0.23525855166421974,train
177,0.400999,1.392585,0.505966,0.591378,0.436441,0.388113,0.388718,0.251436,0.247073,0.071365,0.012087,1.624001,0.006881,0.000177,0.002322,0.068571,0.009554,0.008719,0.55,0.1323328324952358,0.22814490400842716,0.03580737259961119,0.25418598628206873,train
178,0.400999,1.392585,0.505966,0.591378,0.436441,0.388113,0.388718,0.251436,0.247073,0.071365,0.012087,1.624001,0.006881,0.000177,0.002322,0.068571,0.009554,0.008719,0.74,0.1323328324952358,0.22814490400842716,0.03580737259961119,0.25418598628206873,train
179,0.400999,1.392585,0.505966,0.591378,0.436441,0.388113,0.388718,0.251436,0.247073,0.071365,0.012087,1.624001,0.006881,0.000177,0.002322,0.068571,0.009554,0.008719,0.88,0.1323328324952358,0.22814490400842716,0.03580737259961119,0.25418598628206873,train
180,1.453368,1.392585,0.505966,0.591378,0.436441,0.388113,0.388718,0.251436,0.247073,0.071365,0.012087,1.624001,0.006881,0.000177,0.002322,0.029524,0.009554,0.008719,6.91,0.6985307188657695,0.2282751427704016,0.3187924455017327,0.29224771247430514,train
181,1.453368,1.392585,0.505966,0.591378,0.436441,0.388113,0.388718,0.251436,0.247073,0.071365,0.012087,1.624001,0.006881,0.000177,0.002322,0.029524,0.009554,0.008719,6.93,0.6985307188657695,0.2282751427704016,0.3187924455017327,0.29224771247430514,train
182,1.453368,1.392585,0.505966,0.591378,0.436441,0.388113,0.388718,0.251436,0.247073,0.071365,0.012087,1.624001,0.006881,0.000177,0.002322,0.029524,0.009554,0.008719,6.83,0.6985307188657695,0.2282751427704016,0.3187924455017327,0.29224771247430514,train
183,1.508448,1.675694,0.586488,0.976332,0.374204,0.365855,0.197889,0.070151,0.377377,0.206901,0.042254,1.32315,0.002475,0.003797,0.005938,0.074286,0.00714,0.008588,0.62,0.09517360972320987,0.2279868446365739,0.1846705970316113,0.21795191030026267,train
184,1.508448,1.675694,0.586488,0.976332,0.374204,0.365855,0.197889,0.070151,0.377377,0.206901,0.042254,1.32315,0.002475,0.003797,0.005938,0.074286,0.00714,0.008588,0.54,0.09517360972320987,0.2279868446365739,0.1846705970316113,0.21795191030026267,train
185,1.508448,1.675694,0.586488,0.976332,0.374204,0.365855,0.197889,0.070151,0.377377,0.206901,0.042254,1.32315,0.002475,0.003797,0.005938,0.074286,0.00714,0.008588,0.6,0.09517360972320987,0.2279868446365739,0.1846705970316113,0.21795191030026267,train
186,0.592608,0.829521,0.159113,0.227407,0.487338,0.114322,0.391651,0.240321,0.268775,0.354381,0.042738,2.21586,0.002445,0.007181,0.008625,0.066667,0.006609,0.003108,5.62,0.633056338457608,0.22804777024776665,0.22916462936497617,0.2448127411577594,train
187,0.592608,0.829521,0.159113,0.227407,0.487338,0.114322,0.391651,0.240321,0.268775,0.354381,0.042738,2.21586,0.002445,0.007181,0.008625,0.066667,0.006609,0.003108,6.3,0.633056338457608,0.22804777024776665,0.22916462936497617,0.2448127411577594,train
188,0.592608,0.829521,0.159113,0.227407,0.487338,0.114322,0.391651,0.240321,0.268775,0.354381,0.042738,2.21586,0.002445,0.007181,0.008625,0.066667,0.006609,0.003108,6.35,0.633056338457608,0.22804777024776665,0.22916462936497617,0.2448127411577594,train
189,1.90411,1.781166,0.321659,1.350978,0.330167,0.368648,0.432533,0.038732,0.310076,0.106304,0.051511,1.577051,0.002405,0.008159,0.007676,0.049524,0.000931,0.006575,3.68,0.4460828693207328,0.2281715788255142,0.17617541347756635,0.2499147113817486,train
190,1.90411,1.781166,0.321659,1.350978,0.330167,0.368648,0.432533,0.038732,0.310076,0.106304,0.051511,1.577051,0.002405,0.008159,0.007676,0.049524,0.000931,0.006575,4.07,0.4460828693207328,0.2281715788255142,0.17617541347756635,0.2499147113817486,train
191,1.90411,1.781166,0.321659,1.350978,0.330167,0.368648,0.432533,0.038732,0.310076,0.106304,0.051511,1.577051,0.002405,0.008159,0.007676,0.049524,0.000931,0.006575,4.18,0.4460828693207328,0.2281715788255142,0.17617541347756635,0.2499147113817486,train
192,0.833371,0.681849,0.306765,0.438219,0.340991,0.300236,0.297025,0.209993,0.481223,0.072767,0.087571,1.761225,0.008537,0.008189,0.008422,0.031429,0.004879,0.005449,6.26,0.7118124634375438,0.228059043107926,0.2482370287474231,0.21740267586371753,train
193,0.833371,0.681849,0.306765,0.438219,0.340991,0.300236,0.297025,0.209993,0.481223,0.072767,0.087571,1.761225,0.008537,0.008189,0.008422,0.031429,0.004879,0.005449,6.34,0.7118124634375438,0.228059043107926,0.2482370287474231,0.21740267586371753,train
194,0.833371,0.681849,0.306765,0.438219,0.340991,0.300236,0.297025,0.209993,0.481223,0.072767,0.087571,1.761225,0.008537,0.008189,0.008422,0.031429,0.004879,0.005449,6.51,0.7118124634375438,0.228059043107926,0.2482370287474231,0.21740267586371753,train
195,1.372165,1.113386,0.593621,1.466518,0.326297,0.468642,0.020288,0.208285,0.241248,0.357198,0.095694,1.276272,0.002475,0.000552,0.008537,0.06,0.009072,0.004452,0.0,0.029551319546146614,0.22807561787234762,0.12172100077733265,0.23595725481188037,train
196,1.372165,1.113386,0.593621,1.466518,0.326297,0.468642,0.020288,0.208285,0.241248,0.357198,0.095694,1.276272,0.002475,0.000552,0.008537,0.06,0.009072,0.004452,0.0,0.029551319546146614,0.22807561787234762,0.12172100077733265,0.23595725481188037,train
197,1.372165,1.113386,0.593621,1.466518,0.326297,0.468642,0.020288,0.208285,0.241248,0.357198,0.095694,1.276272,0.002475,0.000552,0.008537,0.06,0.009072,0.004452,0.0,0.029551319546146614,0.22807561787234762,0.12172100077733265,0.23595725481188037,train
198,1.583011,0.631942,4.418551,3.367415,0.113684,0.283529,0.310505,0.013489,0.013996,0.124755,0.050776,2.294144,0.007847,0.001451,0.007579,0.061905,0.008975,0.006814,0.34,0.08786189992937028,0.22849379808988365,0.2190176916039201,0.2358878112527812,train
199,1.583011,0.631942,4.418551,3.367415,0.113684,0.283529,0.310505,0.013489,0.013996,0.124755,0.050776,2.294144,0.007847,0.001451,0.007579,0.061905,0.008975,0.006814,0.36,0.08786189992937028,0.22849379808988365,0.2190176916039201,0.2358878112527812,train
200,1.583011,0.631942,4.418551,3.367415,0.113684,0.283529,0.310505,0.013489,0.013996,0.124755,0.050776,2.294144,0.007847,0.001451,0.007579,0.061905,0.008975,0.006814,0.42,0.08786189992937028,0.22849379808988365,0.21901769160392007,0.2358878112527812,train
201,1.556478,1.325467,0.451011,0.48577,0.002412,0.01146,0.005386,0.004633,0.001576,0.001758,7.8e-05,0.00463,0.000109,0.000101,0.000102,0.000104,9.4e-05,9.1e-05,8.98,1.0350856753684448,0.22795118007759513,0.16626721146044554,0.24957860386634015,train
202,1.556478,1.325467,0.451011,0.48577,0.002412,0.01146,0.005386,0.004633,0.001576,0.001758,7.8e-05,0.00463,0.000109,0.000101,0.000102,0.000104,9.4e-05,9.1e-05,9.3,1.0350856753684448,0.22795118007759513,0.16626721146044554,0.24957860386634015,train
203,1.556478,1.325467,0.451011,0.48577,0.002412,0.01146,0.005386,0.004633,0.001576,0.001758,7.8e-05,0.00463,0.000109,0.000101,0.000102,0.000104,9.4e-05,9.1e-05,9.0,1.0350856753684448,0.22795118007759513,0.16626721146044554,0.24957860386634015,train
204,2.585733,1.965288,3.876564,3.512002,0.279191,0.106013,0.45564,0.390576,0.216876,0.267086,0.095457,1.211474,0.006608,0.001744,0.001698,0.018095,0.000454,0.005397,0.0,0.024504683255262286,0.22809848425743168,0.5458047393791884,0.24470581671135821,train
205,2.585733,1.965288,3.876564,3.512002,0.279191,0.106013,0.45564,0.390576,0.216876,0.267086,0.095457,1.211474,0.006608,0.001744,0.001698,0.018095,0.000454,0.005397,0.0,0.024504683255262286,0.22809848425743168,0.5458047393791884,0.24470581671135821,train
206,2.585733,1.965288,3.876564,3.512002,0.279191,0.106013,0.45564,0.390576,0.216876,0.267086,0.095457,1.211474,0.006608,0.001744,0.001698,0.018095,0.000454,0.005397,0.0,0.024504683255262286,0.22809848425743168,0.5458047393791885,0.24470581671135821,train
207,1.046277,3.303182,4.789812,0.789647,0.265018,0.042155,0.30672,0.262345,0.466454,0.16327,0.076827,2.237153,0.004717,0.00863,0.000681,0.033333,0.003638,0.007753,5.71,0.6108560797019709,0.22802441607961763,0.1827904667171422,0.2502546671899885,train
208,1.046277,3.303182,4.789812,0.789647,0.265018,0.042155,0.30672,0.262345,0.466454,0.16327,0.076827,2.237153,0.004717,0.00863,0.000681,0.033333,0.003638,0.007753,5.86,0.6108560797019709,0.22802441607961763,0.1827904667171422,0.2502546671899885,train
209,1.046277,3.303182,4.789812,0.789647,0.265018,0.042155,0.30672,0.262345,0.466454,0.16327,0.076827,2.237153,0.004717,0.00863,0.000681,0.033333,0.003638,0.007753,5.87,0.6108560797019709,0.22802441607961763,0.1827904667171422,0.2502546671899885,train
210,2.048488,3.955852,4.66632,0.204766,0.066574,0.289513,0.458622,0.122222,0.00347,0.008149,0.020807,2.292761,0.009422,0.003738,0.007516,0.059048,0.007318,0.007072,0.0,0.029297250229395336,0.2280616885069873,0.014047390795719462,0.19318964154209994,train
211,2.048488,3.955852,4.66632,0.204766,0.066574,0.289513,0.458622,0.122222,0.00347,0.008149,0.020807,2.292761,0.009422,0.003738,0.007516,0.059048,0.007318,0.007072,0.0,0.029297250229395336,0.2280616885069873,0.014047390795719462,0.19318964154209994,train
212,2.048488,3.955852,4.66632,0.204766,0.066574,0.289513,0.458622,0.122222,0.00347,0.008149,0.020807,2.292761,0.009422,0.003738,0.007516,0.059048,0.007318,0.007072,0.0,0.029297250229395336,0.2280616885069873,0.014047390795719462,0.19318964154209994,train
213,3.88969,4.319213,4.783651,1.614815,0.07866,0.009209,0.365745,0.169773,0.20524,0.32186,0.079907,2.425746,0.001951,0.00562,0.005037,0.021905,0.006057,0.008928,5.82,0.6291221005707789,0.22791453098622877,0.4440788803201816,0.2552775083234073,train
214,3.88969,4.319213,4.783651,1.614815,0.07866,0.009209,0.365745,0.169773,0.20524,0.32186,0.079907,2.425746,0.001951,0.00562,0.005037,0.021905,0.006057,0.008928,6.23,0.6291221005707789,0.22791453098622877,0.4440788803201816,0.2552775083234073,train
215,3.88969,4.319213,4.783651,1.614815,0.07866,0.009209,0.365745,0.169773,0.20524,0.32186,0.079907,2.425746,0.001951,0.00562,0.005037,0.021905,0.006057,0.008928,5.84,0.6291221005707789,0.22791453098622877,0.4440788803201816,0.2552775083234073,train
216,0.554561,1.724935,3.727283,2.82304,0.143008,0.077555,0.324884,0.367668,0.029087,0.358511,0.037997,1.195046,0.004483,2.1e-05,0.009021,0.049524,0.003796,0.007169,0.0,0.05072370256762642,0.2285527128096505,0.5506335830645116,0.24373717389412686,train
217,0.554561,1.724935,3.727283,2.82304,0.143008,0.077555,0.324884,0.367668,0.029087,0.358511,0.037997,1.195046,0.004483,2.1e-05,0.009021,0.049524,0.003796,0.007169,0.0,0.05072370256762642,0.2285527128096505,0.5506335830645116,0.24373717389412686,train
218,0.554561,1.724935,3.727283,2.82304,0.143008,0.077555,0.324884,0.367668,0.029087,0.358511,0.037997,1.195046,0.004483,2.1e-05,0.009021,0.049524,0.003796,0.007169,0.0,0.05072370256762642,0.2285527128096505,0.5506335830645116,0.24373717389412686,train
219,2.846039,3.837443,3.34215,2.572997,0.013983,0.815449,0.313017,0.152005,0.363591,0.082603,0.001253,2.065305,0.004697,0.001525,0.007392,0.047619,0.004182,0.009583,0.0,0.02740308993909057,0.2280666647585866,0.2676975234142967,0.24912352002217172,train
220,2.846039,3.837443,3.34215,2.572997,0.013983,0.815449,0.313017,0.152005,0.363591,0.082603,0.001253,2.065305,0.004697,0.001525,0.007392,0.047619,0.004182,0.009583,0.0,0.02740308993909057,0.2280666647585866,0.2676975234142967,0.24912352002217172,train
221,2.846039,3.837443,3.34215,2.572997,0.013983,0.815449,0.313017,0.152005,0.363591,0.082603,0.001253,2.065305,0.004697,0.001525,0.007392,0.047619,0.004182,0.009583,0.0,0.02740308993909057,0.2280666647585866,0.2676975234142967,0.24912352002217172,train
222,4.398306,3.807857,3.029419,3.020582,0.275265,0.169002,0.397934,0.015595,0.435862,0.222906,0.07713,1.428605,0.002644,0.006404,0.00725,0.070476,0.00198,0.006712,4.87,0.5087758817882594,0.22801793740860843,0.5428513461303583,0.19461359924169225,train
223,4.398306,3.807857,3.029419,3.020582,0.275265,0.169002,0.397934,0.015595,0.435862,0.222906,0.07713,1.428605,0.002644,0.006404,0.00725,0.070476,0.00198,0.006712,4.87,0.5087758817882594,0.22801793740860843,0.5428513461303583,0.19461359924169225,train
224,4.398306,3.807857,3.029419,3.020582,0.275265,0.169002,0.397934,0.015595,0.435862,0.222906,0.07713,1.428605,0.002644,0.006404,0.00725,0.070476,0.00198,0.006712,4.9,0.5087758817882594,0.22801793740860843,0.5428513461303583,0.19461359924169225,train
225,1.038313,3.520151,0.775047,3.145692,0.281229,0.287069,0.302575,0.342886,0.037433,0.467116,0.066191,1.632345,0.007346,0.007831,0.00366,0.005464,0.007023,0.005785,0.0,0.02365905665108596,0.22804323680206787,0.044448048675563144,0.19324301787920545,train
226,1.038313,3.520151,0.775047,3.145692,0.281229,0.287069,0.302575,0.342886,0.037433,0.467116,0.066191,1.632345,0.007346,0.007831,0.00366,0.005464,0.007023,0.005785,0.0,0.02365905665108596,0.22804323680206787,0.044448048675563144,0.19324301787920545,train
227,1.038313,3.520151,0.775047,3.145692,0.281229,0.287069,0.302575,0.342886,0.037433,0.467116,0.066191,1.632345,0.007346,0.007831,0.00366,0.005464,0.007023,0.005785,0.0,0.02365905665108596,0.22804323680206787,0.044448048675563144,0.19324301787920545,train
228,1.043006,2.620689,4.438339,3.962105,0.215963,0.091056,0.496529,0.102585,0.025279,0.062286,0.031665,1.217309,0.000297,0.008966,0.008761,0.04,0.000323,0.005688,5.31,0.5543831065629568,0.22806776456184238,0.023119575518032124,0.2540419563209825,train
229,1.043006,2.620689,4.438339,3.962105,0.215963,0.091056,0.496529,0.102585,0.025279,0.062286,0.031665,1.217309,0.000297,0.008966,0.008761,0.04,0.000323,0.005688,5.52,0.5543831065629568,0.22806776456184238,0.023119575518032124,0.2540419563209825,train
230,1.043006,2.620689,4.438339,3.962105,0.215963,0.091056,0.496529,0.102585,0.025279,0.062286,0.031665,1.217309,0.000297,0.008966,0.008761,0.04,0.000323,0.005688,5.48,0.5543831065629568,0.22806776456184238,0.023119575518032124,0.2540419563209825,train
231,0.917419299,1.13729775,0.18710037,0.944443293,0.349813475,0.58389776,0.389878049,0.099787502,0.188638876,0.355725118,0.037383178,1.950640664,0.00917036,0.001696526,0.00222641,0.062976545,0.009553929,0.008424233,0.19,0.0742981341497341,0.22826965898234022,0.05874369057801209,0.2542426132197069,train
232,0.917419299,1.13729775,0.18710037,0.944443293,0.349813475,0.58389776,0.389878049,0.099787502,0.188638876,0.355725118,0.037383178,1.950640664,0.00917036,0.001696526,0.00222641,0.062976545,0.009553929,0.008424233,0.19,0.0742981341497341,0.22826965898234022,0.05874369057801209,0.2542426132197069,train
233,0.917419299,1.13729775,0.18710037,0.944443293,0.349813475,0.58389776,0.389878049,0.099787502,0.188638876,0.355725118,0.037383178,1.950640664,0.00917036,0.001696526,0.00222641,0.062976545,0.009553929,0.008424233,0.19,0.0742981341497341,0.22826965898234022,0.05874369057801209,0.2542426132197069,train
234,0.30750392,1.139573082,0.55133142,0.468454402,0.242386658,0.382543287,0.468880017,0.107294583,0.230534712,0.26468981,0.030851104,0.992368805,0.008077376,0.000533358,0.001889476,0.010693223,0.005127322,0.004070658,0.0,0.03192625539258994,0.22802801845142928,0.40529954778052674,0.27600462293117395,train
235,0.30750392,1.139573082,0.55133142,0.468454402,0.242386658,0.382543287,0.468880017,0.107294583,0.230534712,0.26468981,0.030851104,0.992368805,0.008077376,0.000533358,0.001889476,0.010693223,0.005127322,0.004070658,0.07,0.03192625539258994,0.22802801845142928,0.40529954778052674,0.27600462293117395,train
236,0.30750392,1.139573082,0.55133142,0.468454402,0.242386658,0.382543287,0.468880017,0.107294583,0.230534712,0.26468981,0.030851104,0.992368805,0.008077376,0.000533358,0.001889476,0.010693223,0.005127322,0.004070658,0.04,0.03192625539258994,0.22802801845142928,0.40529954778052674,0.27600462293117395,train
237,1.37554547,1.445240709,0.203169013,0.332521723,0.416764646,0.738506303,0.125496857,0.135091523,0.067576622,0.356170435,0.04259088,2.266163092,0.005947987,0.004724797,0.004053814,0.019655504,0.006073379,0.005224671,0.0,0.0297078432602069,0.22803636806338087,0.2840752254987235,0.25067791150900737,train
238,1.37554547,1.445240709,0.203169013,0.332521723,0.416764646,0.738506303,0.125496857,0.135091523,0.067576622,0.356170435,0.04259088,2.266163092,0.005947987,0.004724797,0.004053814,0.019655504,0.006073379,0.005224671,0.02,0.0297078432602069,0.22803636806338087,0.2840752254987235,0.25067791150900737,train
239,1.37554547,1.445240709,0.203169013,0.332521723,0.416764646,0.738506303,0.125496857,0.135091523,0.067576622,0.356170435,0.04259088,2.266163092,0.005947987,0.004724797,0.004053814,0.019655504,0.006073379,0.005224671,0.02,0.0297078432602069,0.22803636806338087,0.2840752254987235,0.25067791150900737,train
240,0.559750205,1.426620038,0.993684001,0.578079393,0.161880783,1.013120828,0.326575383,0.41049795,0.351343488,0.267449562,0.052185212,1.353019933,0.009083739,0.005217804,0.001705933,0.02498617,0.005014844,0.005147227,0.0,-0.012473971146981963,0.2279072920791537,0.03412374628603698,0.24919407869405488,train
241,0.559750205,1.426620038,0.993684001,0.578079393,0.161880783,1.013120828,0.326575383,0.41049795,0.351343488,0.267449562,0.052185212,1.353019933,0.009083739,0.005217804,0.001705933,0.02498617,0.005014844,0.005147227,0.0,-0.012473971146981963,0.2279072920791537,0.03412374628603698,0.24919407869405488,train
242,0.559750205,1.426620038,0.993684001,0.578079393,0.161880783,1.013120828,0.326575383,0.41049795,0.351343488,0.267449562,0.052185212,1.353019933,0.009083739,0.005217804,0.001705933,0.02498617,0.005014844,0.005147227,0.0,-0.012473971146981963,0.2279072920791537,0.03412374628603698,0.24919407869405488,train
243,0.441949938,1.588451875,0.515080093,0.697600518,0.485089471,0.694412174,0.315678315,0.217951398,0.43952935,0.432694241,0.011729325,0.871954287,0.009804752,0.003292565,0.006848586,0.03272504,0.006924941,0.008098423,0.0,0.023919708070691804,0.22805662765762344,0.5335100900940388,0.24324066869805674,train
244,0.441949938,1.588451875,0.515080093,0.697600518,0.485089471,0.694412174,0.315678315,0.217951398,0.43952935,0.432694241,0.011729325,0.871954287,0.009804752,0.003292565,0.006848586,0.03272504,0.006924941,0.008098423,0.0,0.023919708070691804,0.22805662765762344,0.5335100900940388,0.24324066869805674,train
245,0.441949938,1.588451875,0.515080093,0.697600518,0.485089471,0.694412174,0.315678315,0.217951398,0.43952935,0.432694241,0.011729325,0.871954287,0.009804752,0.003292565,0.006848586,0.03272504,0.006924941,0.008098423,0.0,0.023919708070691804,0.22805662765762344,0.5335100900940388,0.24324066869805674,train
246,0.653595715,1.116207715,0.209745421,0.507636983,0.411929389,0.697934933,0.103862276,0.126820609,0.486664568,0.485941783,0.096107356,0.599374213,0.006656694,0.000990671,0.007058462,0.049182144,0.001237404,0.008766069,0.0,-0.001958108170919038,0.22779740158721487,0.05234085865373464,0.21691658294041122,train
247,0.653595715,1.116207715,0.209745421,0.507636983,0.411929389,0.697934933,0.103862276,0.126820609,0.486664568,0.485941783,0.096107356,0.599374213,0.006656694,0.000990671,0.007058462,0.049182144,0.001237404,0.008766069,0.0,-0.001958108170919038,0.22779740158721487,0.05234085865373464,0.21691658294041122,train
248,0.653595715,1.116207715,0.209745421,0.507636983,0.411929389,0.697934933,0.103862276,0.126820609,0.486664568,0.485941783,0.096107356,0.599374213,0.006656694,0.000990671,0.007058462,0.049182144,0.001237404,0.008766069,0.0,-0.001958108170919038,0.22779740158721487,0.05234085865373464,0.21691658294041122,train
249,1.035311436,1.243053589,0.655744736,0.616488345,0.425916418,0.697764069,0.124911835,0.123705989,0.478280706,0.552,0.09888664,0.124059733,0.003480597,0.008227627,0.009516542,0.049447875,0.007712872,0.006769617,0.0,-0.004670974065149644,0.22780302601173155,0.5209601947130367,0.2430679879982038,train
250,1.035311436,1.243053589,0.655744736,0.616488345,0.425916418,0.697764069,0.124911835,0.123705989,0.478280706,0.552,0.09888664,0.124059733,0.003480597,0.008227627,0.009516542,0.049447875,0.007712872,0.006769617,0.0,-0.004670974065149644,0.22780302601173155,0.5209601947130367,0.2430679879982038,train
251,1.035311436,1.243053589,0.655744736,0.616488345,0.425916418,0.697764069,0.124911835,0.123705989,0.478280706,0.552,0.09888664,0.124059733,0.003480597,0.008227627,0.009516542,0.049447875,0.007712872,0.006769617,0.0,-0.004670974065149644,0.22780302601173155,0.5209601947130367,0.2430679879982038,train
252,1.12005297,1.242657567,1.279963354,0.543126142,0.086062667,1.006940634,0.436526821,0.344104599,0.279940874,0.291049909,0.058985621,0.516362005,0.00591735,0.006815176,0.007605729,0.032628555,0.006211037,0.006026425,0.0,-3.1969803554890235e-05,0.22781380448922908,0.021268381511618414,0.193176847184027,train
253,1.12005297,1.242657567,1.279963354,0.543126142,0.086062667,1.006940634,0.436526821,0.344104599,0.279940874,0.291049909,0.058985621,0.516362005,0.00591735,0.006815176,0.007605729,0.032628555,0.006211037,0.006026425,0.0,-3.1969803554890235e-05,0.22781380448922908,0.021268381511618414,0.193176847184027,train
254,1.12005297,1.242657567,1.279963354,0.543126142,0.086062667,1.006940634,0.436526821,0.344104599,0.279940874,0.291049909,0.058985621,0.516362005,0.00591735,0.006815176,0.007605729,0.032628555,0.006211037,0.006026425,0.0,-3.1969803554890235e-05,0.22781380448922908,0.021268381511618414,0.193176847184027,train
255,4.619793448,3.180390817,3.814341125,0.280609177,0.237304064,0.879325286,0.435048336,0.354151545,0.088064754,0.487628498,0.089010467,2.058640264,0.009972478,0.009589393,0.003317847,0.018708038,0.001812884,0.006658541,0.0,0.039861902250872557,0.22840926197870026,-0.003924296892440801,0.23973677940668173,train
256,4.619793448,3.180390817,3.814341125,0.280609177,0.237304064,0.879325286,0.435048336,0.354151545,0.088064754,0.487628498,0.089010467,2.058640264,0.009972478,0.009589393,0.003317847,0.018708038,0.001812884,0.006658541,0.0,0.039861902250872557,0.22840926197870026,-0.003924296892440801,0.23973677940668173,train
257,4.619793448,3.180390817,3.814341125,0.280609177,0.237304064,0.879325286,0.435048336,0.354151545,0.088064754,0.487628498,0.089010467,2.058640264,0.009972478,0.009589393,0.003317847,0.018708038,0.001812884,0.006658541,0.0,0.039861902250872557,0.22840926197870026,-0.003924296892440794,0.23973677940668173,train
258,4.291070956,4.091896908,1.321018803,0.299798724,0.411874598,0.080134892,0.468359709,0.114329208,0.357078877,0.361906074,0.069739283,0.913847264,0.008394108,0.000310742,0.002309277,0.044396616,0.006924767,0.005049794,0.0,0.04570864239714123,0.22830564134592737,0.19620164887837138,0.29207110828502997,train
259,4.291070956,4.091896908,1.321018803,0.299798724,0.411874598,0.080134892,0.468359709,0.114329208,0.357078877,0.361906074,0.069739283,0.913847264,0.008394108,0.000310742,0.002309277,0.044396616,0.006924767,0.005049794,0.0,0.04570864239714123,0.22830564134592737,0.19620164887837138,0.29207110828502997,train
260,4.291070956,4.091896908,1.321018803,0.299798724,0.411874598,0.080134892,0.468359709,0.114329208,0.357078877,0.361906074,0.069739283,0.913847264,0.008394108,0.000310742,0.002309277,0.044396616,0.006924767,0.005049794,0.01,0.04570864239714122,0.22830564134592737,0.19620164887837138,0.29207110828502997,train
